,movie_id,genre_id
0,335787,28
1,335787,12
2,752623,28
3,752623,12
4,752623,35
5,752623,10749
6,414906,80
7,414906,9648
8,414906,53
9,634649,28
10,634649,12
11,634649,878
12,453395,14
13,453395,28
14,453395,12
15,508947,16
16,508947,10751
17,508947,35
18,508947,14
19,406759,878
20,406759,12
21,406759,28
22,628900,28
23,628900,53
24,526896,28
25,526896,878
26,526896,14
27,763285,28
28,763285,53
29,763285,80
30,284052,28
31,284052,12
32,284052,14
33,284052,878
34,568124,16
35,568124,35
36,568124,10751
37,568124,14
38,338953,28
39,338953,12
40,338953,14
41,606402,28
42,585083,16
43,585083,10751
44,585083,14
45,585083,35
46,585083,12
47,696806,28
48,696806,12
49,696806,35
50,696806,878
51,580489,878
52,580489,28
53,580489,12
54,635302,16
55,635302,28
56,635302,12
57,635302,14
58,524434,878
59,524434,28
60,524434,12
61,438695,16
62,438695,35
63,438695,10751
64,438695,10402
65,823625,28
66,823625,53
67,566525,28
68,566525,12
69,566525,14
70,566525,878
71,19995,28
72,19995,12
73,19995,14
74,19995,878
75,476669,28
76,476669,12
77,476669,53
78,476669,10752
79,476669,9648
80,459151,16
81,459151,35
82,459151,12
83,459151,10751
84,425909,14
85,425909,35
86,425909,12
87,585245,10751
88,585245,12
89,585245,35
90,585245,14
91,299536,12
92,299536,28
93,299536,878
94,1865,12
95,1865,28
96,1865,14
97,624860,878
98,624860,28
99,624860,12
100,58,12
101,58,14
102,58,28
103,454626,28
104,454626,878
105,454626,35
106,454626,10751
107,512195,28
108,512195,35
109,512195,80
110,512195,53
111,285,12
112,285,14
113,285,28
114,22,12
115,22,14
116,22,28
117,460465,28
118,460465,14
119,460465,12
120,337404,35
121,337404,80
122,337404,12
123,550988,35
124,550988,28
125,550988,12
126,550988,878
127,270303,27
128,270303,9648
129,508943,16
130,508943,35
131,508943,10751
132,508943,14
133,436969,28
134,436969,12
135,436969,14
136,661231,10752
137,661231,36
138,661231,18
139,385128,28
140,385128,80
141,385128,53
142,385128,12
143,299534,12
144,299534,878
145,299534,28
146,597208,80
147,597208,18
148,597208,53
149,791373,28
150,791373,12
151,791373,14
152,791373,878
153,423108,27
154,423108,9648
155,423108,53
156,379686,10751
157,379686,16
158,379686,35
159,379686,878
160,24428,878
161,24428,28
162,24428,12
163,166426,12
164,166426,28
165,166426,14
166,497698,28
167,497698,12
168,497698,878
169,744275,10749
170,744275,18
171,482321,16
172,482321,878
173,482321,10751
174,482321,35
175,438631,878
176,438631,12
177,451048,28
178,451048,12
179,451048,14
180,399566,28
181,399566,14
182,399566,878
183,522016,28
184,522016,53
185,751237,27
186,751237,9648
187,810693,16
188,810693,28
189,810693,12
190,810693,9648
191,916740,53
192,916740,9648
193,916740,18
194,615904,10749
195,615904,35
196,615904,10402
197,597,18
198,597,10749
199,522402,878
200,522402,18
201,522402,12
202,532710,53
203,532710,14
204,532710,27
205,631843,53
206,631843,9648
207,631843,27
208,303857,28
209,303857,16
210,303857,878
211,370172,12
212,370172,28
213,370172,53
214,505026,80
215,505026,18
216,505026,9648
217,505026,53
218,14836,16
219,14836,10751
220,14836,14
221,259316,28
222,259316,12
223,259316,14
224,507086,12
225,507086,28
226,507086,878
227,507086,53
228,671,12
229,671,14
230,527774,16
231,527774,10751
232,527774,14
233,527774,28
234,527774,12
235,615457,28
236,615457,80
237,615457,53
238,99861,28
239,99861,12
240,99861,878
241,361743,28
242,361743,18
243,588228,28
244,588228,878
245,588228,12
246,639721,16
247,639721,12
248,639721,35
249,639721,10751
250,523936,27
251,523936,878
252,523936,18
253,523936,53
254,1930,28
255,1930,12
256,1930,14
257,482373,53
258,482373,27
259,198663,28
260,198663,9648
261,198663,878
262,198663,53
263,293660,28
264,293660,12
265,293660,35
266,765119,35
267,338952,28
268,338952,12
269,338952,14
270,610253,27
271,610253,53
272,354912,10751
273,354912,16
274,354912,14
275,354912,10402
276,354912,35
277,354912,12
278,458576,28
279,458576,14
280,458576,12
281,617653,28
282,617653,18
283,617653,36
284,10138,12
285,10138,28
286,10138,878
287,674,12
288,674,14
289,674,10751
290,106646,80
291,106646,18
292,106646,35
293,602223,27
294,602223,28
295,602223,53
296,862,16
297,862,12
298,862,10751
299,862,35
300,464052,28
301,464052,12
302,464052,14
303,118,12
304,118,35
305,118,10751
306,118,14
307,13811,28
308,13811,9648
309,13811,878
310,13811,53
311,672,12
312,672,14
313,324786,18
314,324786,36
315,324786,10752
316,50014,18
317,12445,14
318,12445,12
319,756403,16
320,756403,14
321,756403,10402
322,756403,12
323,756403,35
324,756403,10751
325,767,12
326,767,14
327,745881,27
328,745881,53
329,568620,28
330,568620,12
331,520763,878
332,520763,53
333,520763,27
334,372058,10749
335,372058,16
336,372058,18
337,474350,27
338,474350,14
339,763164,28
340,763164,53
341,763164,878
342,315635,28
343,315635,12
344,315635,878
345,315635,18
346,673,12
347,673,14
348,335983,878
349,335983,28
350,808,16
351,808,35
352,808,14
353,808,12
354,808,10751
355,177572,12
356,177572,10751
357,177572,16
358,177572,28
359,177572,35
360,511809,18
361,511809,10749
362,511809,80
363,585,16
364,585,35
365,585,10751
366,821427,18
367,821427,53
368,271110,12
369,271110,28
370,271110,878
371,587807,35
372,587807,10751
373,587807,16
374,539885,28
375,539885,80
376,539885,18
377,539885,53
378,126963,16
379,126963,28
380,126963,878
381,284053,28
382,284053,12
383,284053,14
384,284053,878
385,675,12
386,675,14
387,675,9648
388,8587,10751
389,8587,16
390,8587,18
391,12444,12
392,12444,14
393,429617,28
394,429617,12
395,429617,878
396,537915,10749
397,537915,18
398,591120,28
399,591120,12
400,591120,35
401,591120,36
402,508442,16
403,508442,35
404,508442,14
405,508442,10751
406,24021,12
407,24021,14
408,24021,18
409,24021,10749
410,138843,27
411,138843,53
412,135397,28
413,135397,12
414,135397,878
415,135397,53
416,10195,12
417,10195,14
418,10195,28
419,809,16
420,809,10751
421,809,35
422,809,14
423,809,12
424,102382,28
425,102382,12
426,102382,14
427,337339,28
428,337339,80
429,337339,53
430,571891,16
431,571891,12
432,571891,14
433,571891,28
434,571891,10751
435,571265,16
436,571265,28
437,571265,53
438,571265,12
439,571265,14
440,214756,35
441,623135,35
442,623135,18
443,863,16
444,863,35
445,863,10751
446,531219,10751
447,531219,14
448,531219,12
449,531219,35
450,531219,27
451,330457,10751
452,330457,16
453,330457,12
454,330457,35
455,330457,14
456,706972,28
457,706972,18
458,706972,80
459,18240,35
460,18240,10749
461,18240,18
462,514847,28
463,514847,53
464,514847,27
465,2062,16
466,2062,35
467,2062,10751
468,2062,14
469,207703,80
470,207703,35
471,207703,28
472,207703,12
473,744,28
474,744,18
475,744,12
476,259693,27
477,259693,53
478,631132,16
479,631132,12
480,631132,28
481,631132,14
482,412656,878
483,216015,18
484,216015,10749
485,216015,53
486,425,16
487,425,35
488,425,10751
489,425,12
490,337401,12
491,337401,14
492,337401,18
493,122917,28
494,122917,12
495,122917,14
496,10144,16
497,10144,10751
498,10144,14
499,384018,28
500,384018,12
501,384018,35
502,10198,10749
503,10198,10751
504,10198,16
505,351286,28
506,351286,12
507,351286,878
508,72545,12
509,72545,28
510,72545,878
511,801604,28
512,604822,28
513,604822,12
514,604822,80
515,529106,28
516,529106,12
517,228150,10752
518,228150,18
519,228150,28
520,14161,28
521,14161,12
522,14161,878
523,503736,28
524,503736,80
525,503736,27
526,503736,53
527,301528,10751
528,301528,12
529,301528,16
530,301528,35
531,301528,14
532,301528,18
533,76338,28
534,76338,12
535,76338,14
536,632632,16
537,632632,18
538,632632,10402
539,632632,10749
540,8960,14
541,8960,28
542,260514,16
543,260514,12
544,260514,35
545,260514,10751
546,447404,28
547,447404,12
548,447404,14
549,72190,28
550,72190,18
551,72190,27
552,72190,878
553,72190,53
554,568160,16
555,568160,18
556,568160,14
557,568160,10749
558,3933,10749
559,3933,14
560,3933,16
561,109445,16
562,109445,10751
563,109445,12
564,109445,14
565,383498,28
566,383498,35
567,383498,12
568,845222,18
569,845222,14
570,845222,53
571,574060,28
572,574060,80
573,574060,53
574,1726,28
575,1726,878
576,1726,12
577,168259,28
578,168259,53
579,168259,80
580,168259,12
581,32657,12
582,32657,14
583,32657,10751
584,557,14
585,557,28
586,68721,28
587,68721,12
588,68721,878
589,98566,878
590,98566,28
591,98566,12
592,98566,35
593,157336,12
594,157336,18
595,157336,878
596,260346,53
597,260346,28
598,68726,28
599,68726,878
600,68726,12
601,378064,16
602,378064,18
603,378064,10749
604,439079,27
605,439079,9648
606,439079,53
607,11224,10751
608,11224,14
609,11224,16
610,11224,10749
611,475557,80
612,475557,53
613,475557,18
614,628704,53
615,8966,14
616,8966,18
617,8966,10749
618,630586,27
619,630586,53
620,420809,10751
621,420809,14
622,420809,12
623,22832,28
624,4247,35
625,123553,14
626,123553,28
627,123553,9648
628,10674,16
629,10674,10751
630,10674,12
631,9637,9648
632,9637,12
633,9637,35
634,630004,80
635,630004,28
636,630004,53
637,38757,16
638,38757,10751
639,35,16
640,35,35
641,35,10751
642,559,14
643,559,28
644,559,12
645,49013,16
646,49013,10751
647,49013,12
648,49013,35
649,343668,28
650,343668,12
651,343668,35
652,343668,878
653,343668,80
654,299537,28
655,299537,12
656,299537,878
657,681887,28
658,681887,12
659,681887,878
660,43347,18
661,43347,35
662,43347,10749
663,581387,28
664,581387,12
665,581387,53
666,576845,53
667,576845,27
668,576845,9648
669,14160,16
670,14160,35
671,14160,10751
672,14160,12
673,12,16
674,12,10751
675,296096,18
676,296096,10749
677,436931,10751
678,436931,16
679,436931,12
680,436931,14
681,283995,12
682,283995,28
683,283995,878
684,44918,28
685,44918,12
686,44918,53
687,324857,28
688,324857,12
689,324857,16
690,324857,878
691,102651,14
692,102651,12
693,102651,28
694,102651,10751
695,102651,10749
696,50620,12
697,50620,14
698,50620,18
699,50620,10749
700,644495,18
701,644495,80
702,644495,53
703,495764,28
704,495764,80
705,617502,28
706,617502,53
707,740925,27
708,740925,53
709,740925,9648
710,619778,53
711,619778,27
712,619778,9648
713,333339,878
714,333339,12
715,333339,28
716,522627,80
717,522627,28
718,522627,35
719,446893,10751
720,446893,16
721,446893,35
722,446893,14
723,446893,12
724,446893,10402
725,91314,878
726,91314,28
727,91314,12
728,131631,878
729,131631,12
730,131631,53
731,50619,12
732,50619,14
733,50619,10749
734,586047,878
735,586047,28
736,591273,9648
737,591273,27
738,27205,28
739,27205,878
740,27205,12
741,120,12
742,120,14
743,120,28
744,10193,16
745,10193,10751
746,10193,35
747,76341,28
748,76341,12
749,76341,878
750,676845,27
751,810,14
752,810,12
753,810,16
754,810,35
755,810,10751
756,1771,28
757,1771,12
758,1771,878
759,591274,9648
760,591274,27
761,480530,18
762,646380,35
763,646380,18
764,646380,878
765,335797,16
766,335797,35
767,335797,10751
768,335797,10402
769,11544,16
770,11544,10751
771,44943,878
772,44943,28
773,254128,28
774,254128,18
775,254128,53
776,503314,28
777,503314,878
778,503314,16
779,420818,12
780,420818,10751
781,420818,16
782,420818,18
783,345938,18
784,345938,14
785,307081,28
786,307081,18
787,49026,28
788,49026,80
789,49026,18
790,49026,53
791,602734,27
792,602734,80
793,602734,9648
794,9806,28
795,9806,12
796,9806,16
797,9806,10751
798,75780,80
799,75780,18
800,75780,53
801,75780,28
802,8355,16
803,8355,35
804,8355,10751
805,8355,12
806,119450,878
807,119450,28
808,119450,18
809,119450,53
810,297802,28
811,297802,12
812,297802,14
813,614917,18
814,614917,36
815,72105,35
816,72105,14
817,512200,12
818,512200,35
819,512200,14
820,617708,53
821,617708,27
822,617708,18
823,294254,878
824,294254,28
825,294254,53
826,294254,12
827,246655,28
828,246655,12
829,246655,878
830,246655,14
831,121,12
832,121,14
833,121,28
834,398818,10749
835,398818,18
836,581644,28
837,581644,53
838,11322,28
839,11322,80
840,10192,35
841,10192,12
842,10192,14
843,10192,16
844,10192,10751
845,396535,28
846,396535,27
847,396535,53
848,49530,28
849,49530,53
850,49530,878
851,645788,28
852,645788,53
853,411,12
854,411,10751
855,411,14
856,760517,10749
857,760517,35
858,10020,10749
859,10020,10751
860,10020,16
861,10020,14
862,858815,18
863,858815,9648
864,858815,53
865,572154,16
866,572154,35
867,572154,10749
868,572154,18
869,572154,14
870,12429,16
871,12429,14
872,12429,10751
873,665251,16
874,665251,878
875,82690,10751
876,82690,16
877,82690,35
878,82690,12
879,404368,10751
880,404368,16
881,404368,35
882,404368,12
883,4248,35
884,49051,12
885,49051,14
886,49051,28
887,166428,16
888,166428,10751
889,166428,12
890,122,12
891,122,14
892,122,28
893,9836,16
894,9836,35
895,9836,10751
896,260513,28
897,260513,12
898,260513,16
899,260513,10751
900,82675,28
901,82675,80
902,82675,53
903,10196,28
904,10196,12
905,10196,14
906,127585,28
907,127585,12
908,127585,14
909,127585,878
910,209112,28
911,209112,12
912,209112,14
913,150540,16
914,150540,10751
915,150540,12
916,150540,18
917,150540,35
918,23168,80
919,23168,18
920,23168,53
921,46195,16
922,46195,12
923,46195,35
924,46195,10751
925,10567,10751
926,10567,16
927,9502,28
928,9502,12
929,9502,16
930,9502,10751
931,9502,35
932,12155,10751
933,12155,14
934,12155,12
935,509635,53
936,509635,27
937,373571,878
938,373571,28
939,8920,16
940,8920,35
941,8920,10751
942,341174,18
943,341174,10749
944,137113,28
945,137113,878
946,287947,28
947,287947,35
948,287947,14
949,77338,18
950,77338,35
951,336843,878
952,336843,28
953,336843,12
954,336843,53
955,57800,16
956,57800,35
957,57800,12
958,57800,10751
959,57158,14
960,57158,12
961,57158,28
962,10009,12
963,10009,16
964,10009,10751
965,553604,53
966,553604,28
967,553604,80
968,553604,18
969,585216,27
970,585216,53
971,585216,9648
972,269149,16
973,269149,12
974,269149,10751
975,269149,35
976,93456,16
977,93456,35
978,93456,10751
979,581392,28
980,581392,27
981,581392,53
982,18239,12
983,18239,14
984,18239,18
985,18239,10749
986,297762,28
987,297762,12
988,297762,14
989,364689,16
990,364689,10751
991,364689,12
992,364689,35
993,530079,16
994,530079,10749
995,530079,35
996,530079,18
997,530079,14
998,597433,80
999,597433,9648
1000,597433,53
1001,284054,28
1002,284054,12
1003,284054,878
1004,647302,27
1005,647302,35
1006,87101,878
1007,87101,28
1008,87101,53
1009,87101,12
1010,775996,53
1011,775996,28
1012,775996,878
1013,268896,28
1014,268896,14
1015,268896,878
1016,268896,12
1017,9487,12
1018,9487,16
1019,9487,35
1020,9487,10751
1021,190859,10752
1022,190859,28
1023,424694,10402
1024,424694,18
1025,424694,36
1026,70981,878
1027,70981,12
1028,70981,9648
1029,476292,16
1030,476292,14
1031,476292,10749
1032,476292,18
1033,198184,80
1034,198184,28
1035,198184,878
1036,62211,16
1037,62211,10751
1038,81188,10751
1039,81188,16
1040,81188,14
1041,81188,28
1042,81188,12
1043,324552,53
1044,324552,28
1045,324552,80
1046,458156,28
1047,458156,53
1048,458156,80
1049,155,18
1050,155,28
1051,155,80
1052,155,53
1053,335988,28
1054,335988,12
1055,335988,878
1056,335988,14
1057,18823,12
1058,18823,14
1059,18823,28
1060,22803,18
1061,22803,80
1062,22803,53
1063,102899,878
1064,102899,28
1065,102899,12
1066,27578,53
1067,27578,12
1068,27578,28
1069,11811,35
1070,11811,27
1071,486589,16
1072,486589,10749
1073,486589,10751
1074,953,10751
1075,953,16
1076,953,12
1077,953,35
1078,272,28
1079,272,80
1080,272,18
1081,49521,28
1082,49521,12
1083,49521,14
1084,49521,878
1085,270946,10751
1086,270946,16
1087,270946,12
1088,270946,35
1089,343611,28
1090,343611,53
1091,23483,28
1092,23483,80
1093,37135,10751
1094,37135,12
1095,37135,16
1096,37135,18
1097,522938,28
1098,522938,53
1099,522938,18
1100,21208,27
1101,21208,53
1102,21208,9648
1103,105864,12
1104,105864,16
1105,105864,10751
1106,49018,27
1107,49018,53
1108,49519,16
1109,49519,12
1110,49519,10751
1111,49519,14
1112,49519,35
1113,49519,28
1114,496243,35
1115,496243,53
1116,496243,18
1117,950,16
1118,950,10751
1119,950,35
1120,950,12
1121,420817,12
1122,420817,14
1123,420817,10749
1124,420817,10751
1125,521029,27
1126,521029,53
1127,521029,9648
1128,9373,27
1129,126889,27
1130,126889,878
1131,126889,9648
1132,340102,27
1133,340102,878
1134,340102,9648
1135,340102,28
1136,20352,10751
1137,20352,16
1138,20352,35
1139,38700,53
1140,38700,28
1141,38700,80
1142,9552,27
1143,263115,28
1144,263115,18
1145,263115,878
1146,577922,28
1147,577922,53
1148,577922,878
1149,136797,28
1150,136797,80
1151,136797,18
1152,136797,53
1153,720026,27
1154,615677,28
1155,615677,14
1156,615677,10751
1157,615677,35
1158,14869,12
1159,14869,28
1160,14869,53
1161,14869,878
1162,1579,28
1163,1579,18
1164,1579,53
1165,1579,36
1166,156022,53
1167,156022,28
1168,156022,80
1169,62177,16
1170,62177,12
1171,62177,35
1172,62177,10751
1173,62177,28
1174,62177,14
1175,166424,28
1176,166424,12
1177,166424,878
1178,10681,16
1179,10681,10751
1180,10681,878
1181,63311,53
1182,63311,18
1183,63311,27
1184,76726,878
1185,76726,18
1186,76726,53
1187,44912,12
1188,44912,28
1189,44912,53
1190,44912,878
1191,278154,12
1192,278154,16
1193,278154,10751
1194,278154,35
1195,278154,878
1196,561,14
1197,561,28
1198,561,27
1199,158015,878
1200,158015,27
1201,158015,53
1202,662237,35
1203,662237,10749
1204,431819,16
1205,431819,18
1206,431819,14
1207,82702,14
1208,82702,28
1209,82702,12
1210,82702,16
1211,82702,35
1212,82702,10751
1213,71676,28
1214,71676,14
1215,71676,53
1216,141052,28
1217,141052,12
1218,141052,14
1219,141052,878
1220,527641,10749
1221,527641,18
1222,11,12
1223,11,28
1224,11,878
1225,9902,27
1226,9902,53
1227,150689,10749
1228,150689,14
1229,150689,10751
1230,150689,18
1231,52520,14
1232,52520,28
1233,52520,27
1234,129,16
1235,129,10751
1236,129,14
1237,534,28
1238,534,878
1239,534,53
1240,447332,27
1241,447332,18
1242,447332,878
1243,522241,53
1244,522241,36
1245,522241,18
1246,176,27
1247,176,9648
1248,176,80
1249,629028,35
1250,629028,28
1251,629028,53
1252,8681,28
1253,8681,53
1254,321612,10751
1255,321612,14
1256,321612,10749
1257,920,16
1258,920,12
1259,920,35
1260,920,10751
1261,346364,27
1262,346364,14
1263,136799,10751
1264,136799,16
1265,136799,14
1266,136799,12
1267,136799,35
1268,136799,10402
1269,9532,27
1270,9358,27
1271,9358,9648
1272,606523,80
1273,606523,18
1274,606523,53
1275,606523,28
1276,210577,9648
1277,210577,53
1278,210577,18
1279,760747,28
1280,760747,35
1281,760747,53
1282,760747,27
1283,75174,18
1284,75174,53
1285,75174,28
1286,75174,12
1287,16869,18
1288,16869,28
1289,16869,53
1290,16869,10752
1291,49444,16
1292,49444,10751
1293,7445,18
1294,7445,53
1295,7445,10752
1296,1724,878
1297,1724,28
1298,1724,12
1299,60304,14
1300,60304,27
1301,60304,28
1302,297761,28
1303,297761,12
1304,297761,14
1305,427641,28
1306,427641,12
1307,427641,878
1308,27576,28
1309,27576,9648
1310,27576,53
1311,57165,14
1312,57165,12
1313,262500,28
1314,262500,12
1315,262500,878
1316,262500,53
1317,4935,14
1318,4935,16
1319,4935,12
1320,41154,28
1321,41154,35
1322,41154,878
1323,249070,28
1324,249070,80
1325,249070,53
1326,33273,28
1327,33273,53
1328,33273,18
1329,741636,27
1330,351819,10749
1331,351819,35
1332,730154,10749
1333,730154,18
1334,615,18
1335,10191,14
1336,10191,12
1337,10191,16
1338,10191,10751
1339,75656,53
1340,75656,80
1341,412117,12
1342,412117,16
1343,412117,35
1344,412117,10751
1345,281338,18
1346,281338,878
1347,281338,10752
1348,9479,14
1349,9479,16
1350,9479,10751
1351,324852,28
1352,324852,16
1353,324852,35
1354,324852,10751
1355,324852,12
1356,553512,99
1357,553512,10402
1358,47971,28
1359,47971,12
1360,47971,80
1361,381288,27
1362,381288,53
1363,55779,27
1364,55779,9648
1365,20526,12
1366,20526,28
1367,20526,878
1368,68718,18
1369,68718,37
1370,1374,18
1371,140300,28
1372,140300,12
1373,140300,16
1374,140300,35
1375,140300,10751
1376,2454,12
1377,2454,10751
1378,2454,14
1379,338967,27
1380,338967,35
1381,91586,27
1382,91586,53
1383,480414,27
1384,480414,53
1385,578908,35
1386,578701,53
1387,565028,27
1388,80321,16
1389,80321,10751
1390,80321,35
1391,80321,12
1392,603,28
1393,603,878
1394,100402,28
1395,100402,12
1396,100402,878
1397,581389,18
1398,581389,14
1399,581389,878
1400,339403,28
1401,339403,80
1402,11836,10751
1403,11836,16
1404,11836,35
1405,11836,14
1406,363088,28
1407,363088,12
1408,363088,878
1409,7555,28
1410,7555,53
1411,184315,28
1412,184315,12
1413,397567,18
1414,397567,14
1415,397567,28
1416,117263,28
1417,117263,53
1418,118340,28
1419,118340,878
1420,118340,12
1421,614696,28
1422,614696,27
1423,614696,53
1424,44896,16
1425,44896,35
1426,44896,10751
1427,44896,37
1428,44896,12
1429,338762,28
1430,338762,878
1431,179826,9648
1432,179826,53
1433,265712,16
1434,265712,10751
1435,265712,878
1436,265712,14
1437,240832,28
1438,240832,878
1439,76757,878
1440,76757,14
1441,76757,28
1442,812,16
1443,812,10751
1444,812,12
1445,812,14
1446,812,10749
1447,23827,27
1448,23827,9648
1449,238,18
1450,238,80
1451,181812,12
1452,181812,28
1453,181812,878
1454,228326,16
1455,228326,12
1456,228326,35
1457,228326,10751
1458,228326,14
1459,43074,28
1460,43074,14
1461,43074,35
1462,599975,27
1463,599975,53
1464,37710,28
1465,37710,53
1466,37710,10749
1467,11036,10749
1468,11036,18
1469,181808,12
1470,181808,28
1471,181808,878
1472,4256,35
1473,245891,28
1474,245891,53
1475,718867,16
1476,718867,10751
1477,9738,28
1478,9738,12
1479,9738,14
1480,9738,878
1481,273481,28
1482,273481,80
1483,273481,53
1484,283366,14
1485,283366,12
1486,283366,10751
1487,283366,18
1488,157350,28
1489,157350,12
1490,157350,878
1491,6466,27
1492,604360,9648
1493,604360,53
1494,604360,27
1495,11674,10751
1496,11674,35
1497,257344,28
1498,257344,35
1499,257344,878
1500,140607,12
1501,140607,28
1502,140607,878
1503,140607,14
1504,23629,28
1505,23629,14
1506,23629,53
1507,9286,27
1508,9286,9648
1509,13448,53
1510,13448,9648
1511,256591,10749
1512,256591,35
1513,256591,80
1514,256591,18
1515,2105,35
1516,2105,10749
1517,339984,18
1518,290859,28
1519,290859,12
1520,290859,878
1521,119698,12
1522,119698,28
1523,119698,27
1524,396422,27
1525,396422,9648
1526,396422,53
1527,501170,27
1528,501170,53
1529,350499,10751
1530,350499,12
1531,350499,16
1532,350499,28
1533,350499,14
1534,172385,12
1535,172385,16
1536,172385,35
1537,172385,10751
1538,276907,80
1539,276907,53
1540,381284,18
1541,381284,36
1542,51876,53
1543,51876,9648
1544,51876,878
1545,359724,18
1546,359724,28
1547,359724,36
1548,222935,10749
1549,222935,18
1550,550,18
1551,19913,35
1552,19913,18
1553,19913,10749
1554,286217,18
1555,286217,12
1556,286217,878
1557,320288,878
1558,320288,28
1559,320288,12
1560,62835,28
1561,62835,53
1562,62835,80
1563,62835,18
1564,17654,878
1565,6479,18
1566,6479,878
1567,6479,53
1568,257346,16
1569,257346,878
1570,257346,28
1571,43947,53
1572,43947,80
1573,43947,27
1574,311324,28
1575,311324,12
1576,311324,14
1577,2770,35
1578,2770,10749
1579,19912,27
1580,19912,9648
1581,471707,18
1582,37724,28
1583,37724,12
1584,37724,53
1585,61791,53
1586,61791,28
1587,61791,18
1588,61791,878
1589,8329,27
1590,8329,9648
1591,11351,27
1592,131634,28
1593,131634,12
1594,131634,878
1595,520946,16
1596,520946,10751
1597,520946,14
1598,591275,9648
1599,591275,27
1600,531499,28
1601,531499,80
1602,531499,18
1603,581528,80
1604,581528,28
1605,581528,12
1606,13053,16
1607,13053,10751
1608,13053,12
1609,13053,35
1610,250546,27
1611,87421,878
1612,87421,28
1613,87421,53
1614,776503,18
1615,776503,10402
1616,776503,10749
1617,399579,28
1618,399579,878
1619,399579,12
1620,263472,18
1621,263472,53
1622,560050,16
1623,560050,12
1624,560050,10751
1625,560050,14
1626,205584,28
1627,205584,12
1628,205584,14
1629,4523,35
1630,4523,10751
1631,4523,14
1632,4523,10749
1633,497,14
1634,497,18
1635,497,80
1636,756,16
1637,756,10751
1638,580532,53
1639,580532,80
1640,580532,18
1641,65759,16
1642,65759,35
1643,65759,10751
1644,200727,35
1645,200727,10749
1646,42684,878
1647,42684,28
1648,10527,10751
1649,10527,12
1650,10527,16
1651,10527,35
1652,10882,14
1653,10882,16
1654,10882,10749
1655,10882,10751
1656,10386,10751
1657,10386,16
1658,10386,12
1659,10386,878
1660,10386,35
1661,238636,27
1662,238636,53
1663,454640,16
1664,454640,35
1665,454640,12
1666,454640,10751
1667,300671,10752
1668,300671,28
1669,300671,36
1670,300671,53
1671,300671,18
1672,335984,878
1673,335984,18
1674,466282,35
1675,466282,10749
1676,124905,28
1677,124905,18
1678,124905,878
1679,602301,10749
1680,602301,18
1681,10693,16
1682,10693,10751
1683,10693,12
1684,10693,14
1685,47933,28
1686,47933,12
1687,47933,878
1688,147441,12
1689,147441,18
1690,147441,28
1691,13475,878
1692,13475,28
1693,13475,12
1694,200085,28
1695,200085,18
1696,200085,878
1697,382190,10751
1698,382190,12
1699,382190,16
1700,382190,14
1701,382190,878
1702,46528,12
1703,46528,14
1704,46528,28
1705,46528,37
1706,46528,53
1707,2668,18
1708,2668,14
1709,2668,53
1710,2668,9648
1711,2668,27
1712,10066,27
1713,10066,53
1714,406563,27
1715,406563,9648
1716,406563,53
1717,14191,14
1718,14191,10749
1719,14191,10751
1720,14191,35
1721,630240,18
1722,630240,53
1723,630240,27
1724,82507,27
1725,82507,53
1726,82507,9648
1727,206487,878
1728,206487,53
1729,76492,16
1730,76492,35
1731,76492,10751
1732,76492,14
1733,106,878
1734,106,28
1735,106,12
1736,106,53
1737,350,35
1738,350,18
1739,350,10749
1740,587496,27
1741,58574,12
1742,58574,28
1743,58574,80
1744,58574,9648
1745,64635,28
1746,64635,878
1747,64635,12
1748,64635,53
1749,111,28
1750,111,80
1751,111,18
1752,111,53
1753,56292,28
1754,56292,53
1755,56292,12
1756,400535,28
1757,400535,80
1758,400535,18
1759,400535,53
1760,20662,12
1761,20662,28
1762,20662,36
1763,75948,28
1764,75948,14
1765,37686,53
1766,37686,878
1767,37686,9648
1768,564,12
1769,564,28
1770,564,14
1771,16871,27
1772,16871,53
1773,278,18
1774,278,80
1775,652,12
1776,652,36
1777,652,10752
1778,652,28
1779,364111,16
1780,364111,18
1781,364111,10402
1782,364111,10749
1783,280092,27
1784,280092,18
1785,280092,53
1786,339964,12
1787,339964,878
1788,339964,28
1789,138103,28
1790,138103,12
1791,138103,53
1792,313297,16
1793,313297,12
1794,313297,10751
1795,576393,10749
1796,576393,35
1797,381289,12
1798,381289,35
1799,381289,14
1800,381289,10751
1801,381289,18
1802,254470,35
1803,254470,10402
1804,256040,28
1805,256040,18
1806,1734,12
1807,1734,28
1808,1734,14
1809,353486,12
1810,353486,28
1811,353486,35
1812,353486,14
1813,600583,18
1814,600583,37
1815,538235,10749
1816,538235,14
1817,538235,18
1818,538235,10751
1819,524047,28
1820,524047,53
1821,524047,18
1822,4257,35
1823,10112,16
1824,10112,35
1825,10112,10751
1826,10112,12
1827,675327,27
1828,675327,28
1829,675327,10752
1830,11770,28
1831,11770,35
1832,280,28
1833,280,53
1834,280,878
1835,346672,14
1836,346672,28
1837,346672,53
1838,346672,27
1839,8982,28
1840,8982,80
1841,8982,18
1842,8982,53
1843,241554,28
1844,62213,35
1845,62213,14
1846,390043,53
1847,390043,35
1848,390043,80
1849,390043,28
1850,475215,16
1851,475215,10751
1852,475215,14
1853,475215,12
1854,475215,18
1855,70160,878
1856,70160,12
1857,70160,14
1858,531309,27
1859,531309,53
1860,531309,878
1861,494407,16
1862,494407,10751
1863,494407,12
1864,494407,14
1865,305470,878
1866,305470,28
1867,305470,12
1868,293167,28
1869,293167,12
1870,293167,14
1871,101299,12
1872,101299,28
1873,101299,878
1874,241259,12
1875,241259,10751
1876,241259,14
1877,215,27
1878,277216,18
1879,277216,10402
1880,277216,36
1881,162,14
1882,162,18
1883,162,10749
1884,295830,27
1885,295830,14
1886,295830,28
1887,295830,878
1888,567604,35
1889,567604,28
1890,857,18
1891,857,36
1892,857,10752
1893,72571,27
1894,72571,9648
1895,524251,53
1896,524251,9648
1897,524251,27
1898,524251,80
1899,14199,12
1900,14199,10751
1901,14199,878
1902,785752,53
1903,242582,80
1904,242582,18
1905,242582,53
1906,508439,10751
1907,508439,16
1908,508439,12
1909,508439,35
1910,508439,14
1911,159824,10751
1912,159824,16
1913,159824,35
1914,159824,14
1915,291870,35
1916,10555,16
1917,10555,28
1918,10555,35
1919,10555,10751
1920,481084,10751
1921,481084,16
1922,481084,35
1923,7485,28
1924,7485,18
1925,7485,9648
1926,7485,53
1927,7485,80
1928,47964,28
1929,47964,53
1930,64690,18
1931,64690,53
1932,64690,80
1933,12244,28
1934,12244,12
1935,12244,16
1936,12244,878
1937,12244,53
1938,4232,80
1939,4232,27
1940,4232,9648
1941,38055,16
1942,38055,28
1943,38055,35
1944,38055,10751
1945,38055,878
1946,9297,16
1947,9297,35
1948,9297,10751
1949,9297,14
1950,680,53
1951,680,80
1952,315465,16
1953,315465,14
1954,315465,28
1955,315465,12
1956,315465,18
1957,228165,10751
1958,228165,12
1959,228165,35
1960,228165,14
1961,228165,16
1962,479455,35
1963,479455,878
1964,50544,10749
1965,50544,35
1966,9016,12
1967,9016,16
1968,9016,10751
1969,9016,14
1970,9016,878
1971,23631,28
1972,23631,35
1973,23631,53
1974,170,27
1975,170,53
1976,170,878
1977,300669,53
1978,300669,27
1979,1427,80
1980,1427,14
1981,1427,18
1982,8392,14
1983,8392,16
1984,8392,10751
1985,479718,80
1986,479718,28
1987,481848,12
1988,481848,10751
1989,481848,18
1990,9444,16
1991,9444,10751
1992,378108,18
1993,378108,16
1994,378108,10749
1995,378108,10752
1996,378108,36
1997,329865,18
1998,329865,878
1999,329865,9648
2000,546554,35
2001,546554,80
2002,546554,9648
2003,594718,878
2004,594718,18
2005,594718,27
2006,424277,18
2007,424277,10749
2008,95,28
2009,95,53
2010,95,878
2011,95,12
2012,353081,28
2013,353081,12
2014,28178,18
2015,28178,10751
2016,214,27
2017,214,53
2018,214,80
2019,545609,18
2020,545609,28
2021,545609,53
2022,476968,18
2023,476968,36
2024,258489,14
2025,258489,28
2026,258489,12
2027,522931,28
2028,522931,35
2029,522931,53
2030,58857,12
2031,58857,18
2032,58857,28
2033,1417,14
2034,1417,18
2035,1417,10752
2036,424783,28
2037,424783,12
2038,424783,878
2039,614409,10749
2040,614409,35
2041,614409,18
2042,77866,53
2043,77866,28
2044,77866,18
2045,77866,80
2046,1368,28
2047,1368,12
2048,1368,53
2049,1368,10752
2050,268,14
2051,268,28
2052,72710,28
2053,72710,12
2054,72710,10749
2055,72710,878
2056,72710,53
2057,13,35
2058,13,18
2059,13,10749
2060,37797,16
2061,37797,18
2062,37797,10751
2063,406990,878
2064,406990,53
2065,406990,18
2066,406990,9648
2067,406990,28
2068,100042,35
2069,405774,53
2070,405774,18
2071,405774,878
2072,105,12
2073,105,35
2074,105,878
2075,105,10751
2076,649087,53
2077,649087,27
2078,218,28
2079,218,53
2080,218,878
2081,342588,16
2082,342588,9648
2083,342588,27
2084,342588,878
2085,223702,12
2086,223702,16
2087,223702,35
2088,223702,14
2089,11024,9648
2090,11024,14
2091,11024,12
2092,11024,35
2093,36647,27
2094,36647,28
2095,423204,28
2096,423204,53
2097,402900,80
2098,402900,35
2099,402900,28
2100,5559,10751
2101,5559,16
2102,5559,12
2103,5559,35
2104,14164,28
2105,14164,12
2106,14164,14
2107,14164,878
2108,14164,53
2109,530915,10752
2110,530915,18
2111,530915,28
2112,530915,53
2113,291805,53
2114,291805,28
2115,291805,35
2116,55301,35
2117,55301,14
2118,55301,10751
2119,55301,10402
2120,55301,16
2121,227719,878
2122,227719,53
2123,227719,18
2124,36557,12
2125,36557,28
2126,36557,53
2127,524216,14
2128,524216,27
2129,82700,878
2130,82700,28
2131,82700,12
2132,348350,878
2133,348350,12
2134,348350,28
2135,517302,14
2136,517302,27
2137,308531,28
2138,308531,12
2139,308531,35
2140,308531,10751
2141,308531,878
2142,663,27
2143,663,53
2144,663,80
2145,619264,18
2146,619264,878
2147,619264,53
2148,323660,28
2149,323660,14
2150,53182,28
2151,53182,18
2152,53182,10752
2153,281957,37
2154,281957,18
2155,281957,12
2156,68737,12
2157,68737,14
2158,58595,12
2159,58595,14
2160,58595,18
2161,114,10749
2162,114,35
2163,377,27
2164,399402,28
2165,399402,53
2166,59429,27
2167,59429,53
2168,274854,14
2169,274854,28
2170,274854,12
2171,274854,878
2172,81796,28
2173,81796,53
2174,81796,878
2175,110415,28
2176,110415,878
2177,110415,18
2178,297,14
2179,297,18
2180,297,10749
2181,310,14
2182,310,35
2183,10140,12
2184,10140,10751
2185,10140,14
2186,43949,10749
2187,43949,18
2188,348,27
2189,348,878
2190,333484,12
2191,333484,28
2192,333484,37
2193,461083,28
2194,461083,16
2195,461083,18
2196,461083,14
2197,290098,53
2198,290098,18
2199,290098,10749
2200,278924,28
2201,278924,80
2202,278924,53
2203,127380,12
2204,127380,16
2205,127380,35
2206,127380,10751
2207,278927,10751
2208,278927,12
2209,278927,18
2210,278927,14
2211,11324,18
2212,11324,53
2213,11324,9648
2214,6844,18
2215,6844,36
2216,323272,18
2217,323272,10749
2218,20453,18
2219,20453,35
2220,338970,28
2221,338970,12
2222,338970,14
2223,676,28
2224,676,10752
2225,676,36
2226,676,10749
2227,676,18
2228,16577,16
2229,16577,28
2230,16577,10751
2231,16577,878
2232,206647,28
2233,206647,12
2234,206647,53
2235,726208,18
2236,726208,27
2237,726208,53
2238,537116,18
2239,254,12
2240,254,18
2241,254,28
2242,265208,53
2243,265208,80
2244,265208,28
2245,752886,28
2246,752886,80
2247,752886,18
2248,637,35
2249,637,18
2250,1371,18
2251,87827,12
2252,87827,18
2253,62214,16
2254,62214,35
2255,62214,10751
2256,424,18
2257,424,36
2258,424,10752
2259,211672,10751
2260,211672,16
2261,211672,12
2262,211672,35
2263,772,35
2264,772,10751
2265,772,12
2266,68735,28
2267,68735,12
2268,68735,14
2269,471335,10749
2270,471335,18
2271,471335,53
2272,10591,35
2273,10591,10749
2274,321258,27
2275,321258,53
2276,321258,9648
2277,522681,27
2278,522681,53
2279,522681,9648
2280,523536,16
2281,523536,35
2282,523536,12
2283,523536,14
2284,522406,53
2285,522406,27
2286,466272,35
2287,466272,18
2288,466272,53
2289,509967,28
2290,509967,53
2291,509967,35
2292,9904,10751
2293,9904,16
2294,82693,18
2295,82693,35
2296,82693,10749
2297,109451,16
2298,109451,10751
2299,109451,35
2300,13700,16
2301,13700,10751
2302,98,28
2303,98,18
2304,98,12
2305,244786,18
2306,244786,10402
2307,5255,16
2308,5255,10751
2309,5255,12
2310,5255,14
2311,5255,35
2312,450465,53
2313,450465,18
2314,450465,878
2315,8273,35
2316,8273,10749
2317,6477,35
2318,6477,10751
2319,6477,14
2320,6477,16
2321,49040,28
2322,49040,53
2323,181533,12
2324,181533,35
2325,181533,14
2326,181533,10751
2327,522162,10752
2328,522162,36
2329,522162,28
2330,522162,18
2331,431693,16
2332,431693,28
2333,431693,12
2334,431693,35
2335,431693,10751
2336,282070,878
2337,282070,27
2338,301804,18
2339,301804,14
2340,301804,27
2341,301804,53
2342,542178,35
2343,542178,18
2344,542178,10749
2345,417859,16
2346,417859,12
2347,417859,35
2348,417859,10751
2349,400928,10751
2350,400928,18
2351,400928,35
2352,588,27
2353,588,9648
2354,1927,28
2355,1927,878
2356,24122,10749
2357,24122,35
2358,76285,12
2359,76285,10751
2360,76285,14
2361,386716,10749
2362,471506,9648
2363,471506,53
2364,471506,27
2365,146233,18
2366,146233,53
2367,146233,80
2368,267935,12
2369,267935,10751
2370,267935,14
2371,431075,27
2372,431075,53
2373,431075,9648
2374,267860,28
2375,267860,53
2376,456740,14
2377,456740,28
2378,456740,12
2379,456740,878
2380,23398,35
2381,23398,10751
2382,23398,16
2383,23398,14
2384,23398,10402
2385,411088,18
2386,411088,9648
2387,411088,53
2388,290764,28
2389,869,53
2390,869,878
2391,869,28
2392,869,12
2393,718032,18
2394,718032,35
2395,453405,878
2396,453405,28
2397,453405,53
2398,493922,27
2399,493922,9648
2400,493922,53
2401,640,18
2402,640,80
2403,8643,80
2404,8643,18
2405,8643,27
2406,8643,53
2407,262504,12
2408,262504,878
2409,262504,28
2410,262504,9648
2411,807,80
2412,807,9648
2413,807,53
2414,116711,16
2415,116711,12
2416,116711,10751
2417,116711,14
2418,522518,10751
2419,522518,12
2420,522518,18
2421,4348,18
2422,4348,10749
2423,766798,18
2424,11237,12
2425,11237,28
2426,11237,27
2427,11237,53
2428,607,28
2429,607,12
2430,607,35
2431,607,878
2432,11917,27
2433,11917,53
2434,11917,80
2435,9880,35
2436,9880,10751
2437,9880,10749
2438,570503,10749
2439,570503,18
2440,287948,28
2441,287948,53
2442,287948,80
2443,323372,18
2444,323372,53
2445,310131,27
2446,310131,9648
2447,310131,18
2448,310131,14
2449,627290,27
2450,36586,14
2451,36586,27
2452,36586,28
2453,36586,53
2454,54138,28
2455,54138,12
2456,54138,878
2457,146216,28
2458,146216,35
2459,146216,80
2460,146216,53
2461,570670,53
2462,570670,878
2463,570670,27
2464,242828,16
2465,242828,18
2466,578,27
2467,578,53
2468,578,12
2469,364,28
2470,364,14
2471,1690,27
2472,424139,27
2473,424139,53
2474,340382,27
2475,340382,878
2476,340382,28
2477,340382,14
2478,2667,27
2479,2667,9648
2480,41513,16
2481,41513,10751
2482,41513,12
2483,41513,35
2484,41513,14
2485,518068,18
2486,518068,14
2487,518068,28
2488,429450,53
2489,429450,18
2490,429450,28
2491,11631,35
2492,11631,10749
2493,12222,16
2494,12222,35
2495,12222,10751
2496,12222,12
2497,12222,14
2498,539892,878
2499,539892,53
2500,539892,18
2501,539892,9648
2502,605,12
2503,605,28
2504,605,53
2505,605,878
2506,44833,53
2507,44833,28
2508,44833,12
2509,44833,878
2510,653740,99
2511,342473,16
2512,342473,12
2513,342473,35
2514,342473,10751
2515,370663,18
2516,370663,10749
2517,249397,18
2518,249397,9648
2519,1495,18
2520,1495,28
2521,1495,12
2522,1495,36
2523,1495,10752
2524,530385,27
2525,530385,18
2526,530385,9648
2527,1895,12
2528,1895,28
2529,1895,878
2530,602,28
2531,602,12
2532,602,878
2533,912598,16
2534,912598,12
2535,912598,878
2536,296,28
2537,296,53
2538,296,878
2539,604,12
2540,604,28
2541,604,53
2542,604,878
2543,68724,878
2544,68724,28
2545,68724,18
2546,68724,53
2547,807196,18
2548,807196,53
2549,10530,12
2550,10530,16
2551,10530,10751
2552,10530,10749
2553,198375,16
2554,198375,18
2555,198375,10749
2556,330459,28
2557,330459,12
2558,330459,878
2559,51608,28
2560,51608,53
2561,51608,80
2562,575803,18
2563,216282,28
2564,216282,53
2565,8204,10751
2566,8204,12
2567,8204,14
2568,8204,18
2569,207768,53
2570,207768,27
2571,207768,80
2572,405882,14
2573,405882,27
2574,177677,28
2575,177677,12
2576,595149,27
2577,595149,9648
2578,924,28
2579,924,27
2580,158011,80
2581,158011,53
2582,41439,27
2583,41439,80
2584,1375,18
2585,153518,16
2586,153518,12
2587,153518,35
2588,665,28
2589,665,18
2590,665,36
2591,608,28
2592,608,12
2593,608,35
2594,608,878
2595,602288,27
2596,11852,35
2597,11852,14
2598,258230,18
2599,258230,14
2600,10229,18
2601,10229,10749
2602,324849,16
2603,324849,28
2604,324849,35
2605,598,18
2606,598,80
2607,533642,27
2608,7131,27
2609,7131,12
2610,7131,28
2611,511987,53
2612,511987,27
2613,511987,28
2614,331482,18
2615,331482,10749
2616,158852,12
2617,158852,10751
2618,158852,9648
2619,158852,878
2620,15512,16
2621,15512,10751
2622,15512,12
2623,15512,878
2624,18360,12
2625,18360,14
2626,18360,28
2627,18360,35
2628,18360,10751
2629,169209,28
2630,169209,18
2631,298250,27
2632,298250,80
2633,298250,9648
2634,298250,53
2635,458083,10749
2636,619803,80
2637,619803,28
2638,18,12
2639,18,14
2640,18,28
2641,18,53
2642,18,878
2643,525661,18
2644,525661,36
2645,437557,35
2646,1267,16
2647,1267,35
2648,1267,10751
2649,447200,28
2650,447200,53
2651,796849,18
2652,796849,10749
2653,796849,53
2654,8961,12
2655,8961,28
2656,8961,35
2657,8961,53
2658,8961,80
2659,1970,27
2660,1970,9648
2661,1970,53
2662,192577,16
2663,192577,878
2664,1894,12
2665,1894,28
2666,1894,878
2667,98567,28
2668,98567,12
2669,633515,10752
2670,633515,36
2671,633515,18
2672,347126,18
2673,419430,9648
2674,419430,53
2675,419430,27
2676,7191,28
2677,7191,53
2678,7191,878
2679,558,28
2680,558,12
2681,558,14
2682,4552,18
2683,4552,27
2684,4552,9648
2685,238713,28
2686,238713,35
2687,238713,80
2688,646207,28
2689,646207,12
2690,646207,18
2691,646207,53
2692,1271,28
2693,1271,12
2694,1271,10752
2695,1367,18
2696,77805,18
2697,205596,36
2698,205596,18
2699,205596,53
2700,205596,10752
2701,329,12
2702,329,878
2703,568091,53
2704,45612,53
2705,45612,878
2706,45612,9648
2707,501929,16
2708,501929,12
2709,501929,35
2710,1893,12
2711,1893,28
2712,1893,878
2713,379149,28
2714,379149,53
2715,11978,18
2716,195589,35
2717,10545,18
2718,10545,16
2719,10545,10751
2720,609242,35
2721,609242,53
2722,609242,80
2723,101,80
2724,101,18
2725,101,28
2726,295693,16
2727,295693,35
2728,295693,10751
2729,334298,35
2730,334298,14
2731,334298,12
2732,1246,18
2733,1246,28
2734,23437,27
2735,23437,9648
2736,23437,53
2737,74,12
2738,74,53
2739,74,878
2740,257445,12
2741,257445,27
2742,257445,35
2743,151960,16
2744,151960,10751
2745,151960,12
2746,151960,35
2747,1372,18
2748,1372,53
2749,1372,28
2750,89,12
2751,89,28
2752,516632,27
2753,516632,9648
2754,516632,53
2755,406997,18
2756,406997,10751
2757,956,12
2758,956,28
2759,956,53
2760,9470,28
2761,9470,35
2762,9470,80
2763,9470,14
2764,10515,12
2765,10515,14
2766,10515,16
2767,10515,28
2768,10515,10751
2769,10515,10749
2770,483539,18
2771,483539,9648
2772,10184,35
2773,10184,10749
2774,10184,18
2775,1402,18
2776,257475,10749
2777,257475,16
2778,257475,35
2779,10065,27
2780,608195,27
2781,608195,53
2782,608195,10752
2783,608195,14
2784,70954,18
2785,70954,53
2786,70954,12
2787,6114,10749
2788,6114,27
2789,72559,878
2790,72559,12
2791,72559,28
2792,72559,53
2793,16995,53
2794,16995,18
2795,16995,9648
2796,565,27
2797,565,9648
2798,1813,18
2799,1813,9648
2800,1813,53
2801,1813,27
2802,193756,10752
2803,193756,28
2804,193756,18
2805,193756,36
2806,114150,35
2807,114150,10402
2808,114150,10749
2809,332210,12
2810,332210,16
2811,332210,35
2812,332210,10751
2813,636291,18
2814,437109,18
2815,437109,28
2816,489,18
2817,2503,28
2818,2503,18
2819,2503,9648
2820,2503,53
2821,640793,35
2822,640793,10749
2823,414,28
2824,414,80
2825,414,14
2826,413518,14
2827,413518,12
2828,413518,18
2829,1576,27
2830,1576,28
2831,1576,878
2832,197,28
2833,197,18
2834,197,36
2835,197,10752
2836,2300,10751
2837,2300,16
2838,2300,35
2839,2300,878
2840,110420,16
2841,110420,18
2842,110420,10751
2843,110420,14
2844,59967,28
2845,59967,53
2846,59967,878
2847,428078,12
2848,428078,878
2849,282035,14
2850,282035,53
2851,282035,28
2852,282035,12
2853,282035,27
2854,567690,18
2855,77931,14
2856,77931,10751
2857,77931,35
2858,77931,16
2859,282069,878
2860,282069,27
2861,729097,18
2862,729097,10749
2863,289720,28
2864,283984,28
2865,283984,16
2866,283984,18
2867,283984,14
2868,283984,10749
2869,1265,12
2870,1265,18
2871,1265,10751
2872,458594,28
2873,458594,53
2874,180299,28
2875,180299,80
2876,180299,53
2877,302401,18
2878,302401,36
2879,302401,80
2880,302401,53
2881,28874,16
2882,68728,14
2883,68728,12
2884,68728,10751
2885,238615,878
2886,238615,9648
2887,238615,53
2888,10528,28
2889,10528,12
2890,10528,80
2891,10528,9648
2892,10474,18
2893,10474,80
2894,242512,27
2895,1949,80
2896,1949,18
2897,1949,9648
2898,1949,53
2899,677115,18
2900,677115,10749
2901,274870,18
2902,274870,10749
2903,274870,878
2904,10679,28
2905,10679,35
2906,10679,878
2907,360249,28
2908,360249,12
2909,360249,18
2910,360249,36
2911,109414,28
2912,109414,35
2913,121856,28
2914,121856,12
2915,121856,878
2916,82633,80
2917,82633,18
2918,82633,37
2919,271969,28
2920,271969,36
2921,271969,12
2922,271969,18
2923,193610,35
2924,193610,10749
2925,11238,12
2926,11238,16
2927,11238,10751
2928,22804,27
2929,22804,9648
2930,10320,18
2931,10320,27
2932,10320,53
2933,103,80
2934,103,18
2935,429,37
2936,395,12
2937,395,878
2938,395,28
2939,395,27
2940,443791,28
2941,443791,27
2942,443791,878
2943,443791,53
2944,277,14
2945,277,28
2946,277,53
2947,871,878
2948,871,12
2949,871,18
2950,871,28
2951,470878,10402
2952,470878,18
2953,589713,18
2954,299687,878
2955,299687,12
2956,299687,28
2957,5876,27
2958,5876,878
2959,5876,53
2960,929,878
2961,929,28
2962,929,53
2963,51828,18
2964,51828,10749
2965,769,18
2966,769,80
2967,741998,27
2968,741998,53
2969,741998,18
2970,417384,27
2971,417384,53
2972,122906,18
2973,122906,10749
2974,122906,14
2975,458253,10751
2976,458253,16
2977,458253,35
2978,458253,12
2979,458253,14
2980,1124,18
2981,1124,9648
2982,1124,878
2983,315837,878
2984,315837,28
2985,46529,28
2986,46529,53
2987,46529,878
2988,46529,12
2989,497984,12
2990,497984,35
2991,497984,14
2992,324542,28
2993,324542,80
2994,324542,53
2995,16859,16
2996,16859,10751
2997,16859,14
2998,16859,12
2999,207,18
3000,399361,28
3001,399361,53
3002,399361,80
3003,399361,12
3004,4922,18
3005,4922,14
3006,4922,10749
3007,82703,16
3008,82703,12
3009,82703,10751
3010,332562,18
3011,332562,10749
3012,332562,10402
3013,9509,28
3014,9509,18
3015,9509,53
3016,6795,10751
3017,6795,14
3018,6795,878
3019,6795,12
3020,6795,35
3021,335796,27
3022,335796,53
3023,128,12
3024,128,14
3025,128,16
3026,855,28
3027,855,36
3028,855,10752
3029,258509,12
3030,258509,16
3031,258509,35
3032,258509,10751
3033,657811,12
3034,657811,10751
3035,45772,16
3036,45772,10751
3037,679,28
3038,679,53
3039,679,878
3040,253412,18
3041,253412,12
3042,253412,36
3043,399055,18
3044,399055,14
3045,399055,10749
3046,9837,12
3047,9837,16
3048,9837,18
3049,9837,10751
3050,121734,16
3051,121734,35
3052,121734,12
3053,121734,10751
3054,17111,14
3055,17111,27
3056,17111,9648
3057,17111,53
3058,86834,18
3059,86834,12
3060,567748,18
3061,567748,53
3062,1452,878
3063,1452,28
3064,1452,12
3065,7451,28
3066,7451,12
3067,7451,53
3068,499028,10749
3069,499028,18
3070,9334,28
3071,9334,12
3072,9334,14
3073,88751,28
3074,88751,878
3075,88751,12
3076,88751,35
3077,88751,10751
3078,968581,10402
3079,160642,10751
3080,160642,16
3081,160642,12
3082,601666,35
3083,601666,80
3084,601666,53
3085,601666,18
3086,340837,27
3087,340837,9648
3088,340837,878
3089,340837,53
3090,8698,14
3091,8698,28
3092,8698,53
3093,8698,878
3094,2082,27
3095,77950,16
3096,77950,10751
3097,274857,28
3098,274857,18
3099,274857,14
3100,137106,12
3101,137106,16
3102,137106,35
3103,137106,10751
3104,137106,14
3105,716612,18
3106,9340,12
3107,9340,35
3108,9340,10751
3109,559969,80
3110,559969,18
3111,559969,53
3112,559969,28
3113,8373,878
3114,8373,28
3115,8373,12
3116,616,18
3117,616,28
3118,616,10752
3119,616,36
3120,290595,28
3121,290595,12
3122,290595,18
3123,722778,18
3124,10867,18
3125,142,18
3126,142,10749
3127,277547,35
3128,277547,10749
3129,5689,10749
3130,5689,12
3131,80274,878
3132,80274,28
3133,80274,12
3134,1422,18
3135,1422,53
3136,1422,80
3137,8467,35
3138,316029,18
3139,137116,10751
3140,137116,12
3141,137116,16
3142,137116,35
3143,257211,35
3144,298312,27
3145,298312,53
3146,298312,9648
3147,579047,878
3148,579047,9648
3149,73,18
3150,280217,28
3151,280217,12
3152,280217,16
3153,280217,35
3154,280217,10751
3155,9928,16
3156,9928,35
3157,9928,10751
3158,9928,878
3159,188927,28
3160,188927,12
3161,188927,878
3162,327833,53
3163,327833,28
3164,327833,18
3165,242546,16
3166,242546,28
3167,242546,14
3168,236751,18
3169,2675,18
3170,2675,53
3171,2675,878
3172,2675,9648
3173,448119,10751
3174,448119,14
3175,448119,12
3176,1572,28
3177,1572,53
3178,36648,28
3179,36648,27
3180,36648,14
3181,184314,18
3182,559957,878
3183,559957,10752
3184,1255,27
3185,1255,18
3186,1255,878
3187,1824,35
3188,1824,10749
3189,745,9648
3190,745,53
3191,745,18
3192,65,10402
3193,65,18
3194,6537,27
3195,6537,18
3196,6537,53
3197,87,12
3198,87,28
3199,402,53
3200,402,9648
3201,8358,12
3202,8358,18
3203,18937,14
3204,18937,16
3205,18937,18
3206,18937,10749
3207,18937,10751
3208,423,18
3209,423,10752
3210,325348,28
3211,325348,12
3212,325348,878
3213,271706,16
3214,271706,12
3215,271706,14
3216,672955,10749
3217,672955,14
3218,10764,12
3219,10764,28
3220,10764,53
3221,10764,80
3222,551804,35
3223,551804,14
3224,551804,27
3225,551804,53
3226,181656,16
3227,181656,18
3228,181656,36
3229,181656,27
3230,438650,28
3231,438650,80
3232,438650,53
3233,532638,27
3234,532638,53
3235,401981,9648
3236,401981,53
3237,217,12
3238,217,28
3239,415,878
3240,415,28
3241,415,14
3242,575813,18
3243,2907,35
3244,2907,14
3245,78,878
3246,78,18
3247,78,53
3248,834,14
3249,834,28
3250,834,53
3251,954,12
3252,954,28
3253,954,53
3254,712121,18
3255,712121,53
3256,559907,12
3257,559907,18
3258,559907,14
3259,3981,35
3260,3981,10749
3261,285812,10751
3262,285812,16
3263,285812,12
3264,9348,878
3265,9348,27
3266,9348,28
3267,84892,18
3268,22843,16
3269,22843,878
3270,22843,28
3271,22843,18
3272,1975,27
3273,1975,53
3274,600,18
3275,600,10752
3276,625450,35
3277,625450,18
3278,625450,10749
3279,9320,53
3280,9320,878
3281,346648,12
3282,346648,35
3283,346648,10751
3284,72570,18
3285,72570,10749
3286,12437,14
3287,12437,28
3288,12437,53
3289,440021,27
3290,440021,9648
3291,440021,35
3292,296524,18
3293,296524,28
3294,329996,10751
3295,329996,14
3296,329996,12
3297,435,28
3298,435,12
3299,435,878
3300,435,53
3301,1577,27
3302,1577,28
3303,1577,878
3304,277834,12
3305,277834,35
3306,277834,10751
3307,277834,16
3308,480105,27
3309,480105,18
3310,480105,12
3311,14069,14
3312,14069,16
3313,14069,18
3314,14069,878
3315,85,12
3316,85,28
3317,9513,35
3318,9513,10751
3319,9513,12
3320,9513,16
3321,1571,28
3322,1571,53
3323,41436,27
3324,41436,9648
3325,41436,14
3326,392044,9648
3327,392044,80
3328,392044,18
3329,591,53
3330,591,9648
3331,15575,14
3332,15575,16
3333,15575,878
3334,484641,53
3335,484641,28
3336,2123,35
3337,346685,80
3338,346685,18
3339,346685,9648
3340,346685,53
3341,107846,28
3342,107846,53
3343,490132,18
3344,490132,35
3345,459992,35
3346,459992,10749
3347,11619,12
3348,11619,16
3349,11619,35
3350,11619,10751
3351,49527,28
3352,49527,53
3353,49527,80
3354,44214,18
3355,44214,53
3356,44214,27
3357,592863,10402
3358,592863,18
3359,592863,36
3360,27582,28
3361,27582,53
3362,27582,80
3363,268531,28
3364,268531,16
3365,268531,35
3366,268531,10751
3367,37799,18
3368,58431,10749
3369,58431,27
3370,58431,35
3371,58431,53
3372,644089,18
3373,329440,27
3374,329440,53
3375,329440,9648
3376,12180,16
3377,12180,28
3378,12180,878
3379,12180,12
3380,133805,18
3381,133805,27
3382,483906,28
3383,483906,80
3384,483906,18
3385,11621,10751
3386,11621,35
3387,11621,16
3388,11621,12
3389,1933,27
3390,1933,18
3391,1933,9648
3392,1933,53
3393,402529,10402
3394,402529,18
3395,137094,28
3396,137094,18
3397,137094,53
3398,748501,18
3399,748501,10749
3400,10865,16
3401,10865,10751
3402,10865,12
3403,10865,878
3404,9906,14
3405,9906,12
3406,9906,16
3407,9906,35
3408,9906,10751
3409,351964,18
3410,351964,35
3411,351964,10749
3412,38142,16
3413,38142,18
3414,38142,10749
3415,441701,27
3416,154400,18
3417,154400,80
3418,300668,878
3419,300668,27
3420,1562,27
3421,1562,53
3422,1562,878
3423,149870,10751
3424,149870,18
3425,149870,16
3426,149870,10752
3427,149870,36
3428,149870,10749
3429,785534,18
3430,251,14
3431,251,18
3432,251,53
3433,251,9648
3434,251,10749
3435,600950,10749
3436,600950,18
3437,600950,10770
3438,429415,28
3439,429415,18
3440,429415,878
3441,429415,53
3442,362057,18
3443,362057,27
3444,362057,53
3445,362057,9648
3446,565426,10749
3447,565426,35
3448,10228,16
3449,10228,10751
3450,10228,12
3451,10228,14
3452,10228,28
3453,227159,35
3454,257088,28
3455,382602,27
3456,9567,10752
3457,9567,28
3458,9567,18
3459,532444,10749
3460,157845,80
3461,157845,18
3462,480881,18
3463,127533,12
3464,127533,28
3465,127533,18
3466,127533,36
3467,778730,35
3468,778730,10749
3469,8656,28
3470,8656,18
3471,8656,878
3472,314095,12
3473,314095,18
3474,314095,36
3475,1954,878
3476,1954,53
3477,499338,10751
3478,787,28
3479,787,35
3480,787,18
3481,787,53
3482,452015,14
3483,452015,28
3484,403119,27
3485,403119,18
3486,403119,53
3487,403119,12
3488,670,18
3489,670,53
3490,670,9648
3491,670,28
3492,353491,14
3493,353491,28
3494,353491,878
3495,353491,12
3496,9360,12
3497,9360,27
3498,9360,53
3499,39514,28
3500,39514,12
3501,39514,35
3502,39514,80
3503,39514,53
3504,513310,28
3505,513310,878
3506,513310,53
3507,111190,18
3508,2048,28
3509,2048,878
3510,68812,53
3511,68812,80
3512,68812,18
3513,8916,12
3514,8916,16
3515,8916,35
3516,8916,10751
3517,618200,80
3518,618200,12
3519,555974,27
3520,555974,9648
3521,555974,53
3522,454527,18
3523,454527,36
3524,454527,10749
3525,24420,18
3526,24420,10749
3527,24420,14
3528,75612,28
3529,75612,878
3530,75612,12
3531,75612,9648
3532,9982,16
3533,9982,10751
3534,9982,35
3535,335778,18
3536,335778,36
3537,62,878
3538,62,9648
3539,62,12
3540,15370,12
3541,15370,14
3542,15370,16
3543,15370,18
3544,15370,10751
3545,241863,53
3546,241863,27
3547,241863,35
3548,24,28
3549,24,80
3550,796,18
3551,796,10749
3552,399035,28
3553,399035,53
3554,399035,9648
3555,752,28
3556,752,53
3557,752,14
3558,460668,35
3559,460668,10749
3560,466081,18
3561,466081,80
3562,466081,53
3563,339988,18
3564,339988,53
3565,339988,878
3566,38,878
3567,38,18
3568,38,10749
3569,515001,35
3570,515001,10752
3571,515001,18
3572,13161,35
3573,597295,10749
3574,597295,35
3575,438590,878
3576,438590,28
3577,438590,12
3578,438590,10751
3579,324668,28
3580,324668,53
3581,128246,10749
3582,128246,14
3583,395991,18
3584,395991,28
3585,395991,36
3586,491480,18
3587,491480,36
3588,491480,10751
3589,157354,18
3590,1701,28
3591,1701,53
3592,1701,80
3593,79224,18
3594,79224,28
3595,79224,36
3596,79224,53
3597,694256,18
3598,694256,10749
3599,7518,10751
3600,7518,35
3601,7518,16
3602,1830,80
3603,1830,18
3604,1830,53
3605,501738,18
3606,471498,878
3607,471498,53
3608,471498,27
3609,2309,12
3610,2309,10751
3611,2309,14
3612,1586,9648
3613,1586,53
3614,2024,18
3615,2024,36
3616,2024,10752
3617,2024,28
3618,20504,28
3619,20504,53
3620,20504,878
3621,3093,80
3622,3093,9648
3623,3093,53
3624,153158,16
3625,153158,12
3626,153158,10749
3627,277597,28
3628,365222,28
3629,365222,18
3630,365222,36
3631,513421,27
3632,513421,53
3633,302156,28
3634,302156,80
3635,302156,878
3636,1573,28
3637,1573,53
3638,11887,35
3639,11887,10749
3640,11887,18
3641,11887,10751
3642,11887,10402
3643,70435,28
3644,70435,18
3645,70435,53
3646,57089,35
3647,57089,16
3648,57089,10751
3649,18491,18
3650,18491,878
3651,18491,16
3652,18491,28
3653,659,18
3654,659,36
3655,659,10752
3656,710692,10749
3657,275619,53
3658,275619,878
3659,275619,28
3660,503919,18
3661,503919,14
3662,503919,53
3663,503919,27
3664,63,878
3665,63,53
3666,63,9648
3667,227973,12
3668,227973,35
3669,227973,16
3670,227973,10751
3671,559519,35
3672,559519,16
3673,400090,18
3674,400090,53
3675,111969,18
3676,111969,35
3677,619,53
3678,619,28
3679,619,18
3680,619,10402
3681,619,10749
3682,264419,16
3683,264419,10751
3684,207932,9648
3685,207932,53
3686,207932,18
3687,207932,28
3688,508642,27
3689,508642,9648
3690,6637,28
3691,6637,12
3692,6637,9648
3693,6637,53
3694,6145,53
3695,333371,53
3696,333371,878
3697,333371,18
3698,333371,27
3699,309425,14
3700,309425,18
3701,152601,10749
3702,152601,878
3703,152601,18
3704,429351,10752
3705,429351,18
3706,429351,28
3707,429351,36
3708,2022,35
3709,2022,10749
3710,500664,28
3711,500664,53
3712,500664,878
3713,11453,35
3714,276624,28
3715,276624,878
3716,276624,14
3717,276624,27
3718,520663,18
3719,520663,80
3720,520663,9648
3721,520663,53
3722,438799,27
3723,438799,10752
3724,438799,878
3725,484247,80
3726,484247,53
3727,484247,9648
3728,484247,35
3729,2059,12
3730,2059,28
3731,2059,53
3732,2059,9648
3733,481836,18
3734,481836,10749
3735,37056,35
3736,37056,18
3737,37056,10749
3738,393,28
3739,393,80
3740,393,53
3741,339060,9648
3742,339060,18
3743,339060,36
3744,339060,10751
3745,339060,53
3746,292280,27
3747,292280,53
3748,458723,27
3749,458723,53
3750,458723,9648
3751,219247,27
3752,116149,35
3753,116149,12
3754,116149,10751
3755,9741,53
3756,9741,18
3757,9741,9648
3758,204922,9648
3759,204922,53
3760,340666,18
3761,340666,53
3762,8078,878
3763,8078,27
3764,8078,28
3765,537190,28
3766,537190,27
3767,537190,18
3768,537190,14
3769,462677,16
3770,462677,12
3771,462677,14
3772,462677,10751
3773,529149,27
3774,529149,9648
3775,311,18
3776,311,80
3777,467938,28
3778,467938,53
3779,467938,27
3780,17578,12
3781,17578,16
3782,17578,9648
3783,310307,18
3784,310307,36
3785,454699,16
3786,454699,10751
3787,454699,14
3788,454699,35
3789,625568,28
3790,625568,53
3791,541524,18
3792,4982,18
3793,4982,80
3794,9319,28
3795,9319,53
3796,792,18
3797,792,10752
3798,792,28
3799,965143,99
3800,9645,27
3801,9645,9648
3802,9645,53
3803,653615,27
3804,570508,18
3805,660942,53
3806,660942,27
3807,660942,18
3808,10294,27
3809,10294,53
3810,313369,35
3811,313369,18
3812,313369,10749
3813,313369,10402
3814,611698,14
3815,611698,28
3816,611698,12
3817,611698,18
3818,9480,14
3819,9480,28
3820,575604,53
3821,575604,9648
3822,575604,878
3823,581531,27
3824,581531,53
3825,80184,53
3826,80184,9648
3827,274862,10751
3828,274862,16
3829,274862,28
3830,274862,12
3831,274862,35
3832,730028,99
3833,571627,28
3834,571627,27
3835,530382,878
3836,530382,53
3837,395992,27
3838,395992,878
3839,395992,53
3840,400106,14
3841,400106,28
3842,400106,53
3843,1891,12
3844,1891,28
3845,1891,878
3846,141,14
3847,141,18
3848,141,9648
3849,97020,878
3850,97020,28
3851,394374,80
3852,394374,53
3853,28,18
3854,28,10752
3855,49017,27
3856,49017,28
3857,49017,18
3858,49017,14
3859,49017,10752
3860,76203,18
3861,76203,36
3862,376867,18
3863,146301,27
3864,146301,53
3865,12405,18
3866,12405,10749
3867,580175,35
3868,580175,18
3869,9739,80
3870,9739,28
3871,9739,878
3872,1593,28
3873,1593,12
3874,1593,35
3875,1593,10751
3876,1593,14
3877,543540,10749
3878,543540,35
3879,788929,18
3880,788929,14
3881,788929,27
3882,212167,16
3883,212167,12
3884,212167,18
3885,212167,14
3886,212167,878
3887,407440,18
3888,374720,10752
3889,374720,28
3890,374720,18
3891,9477,12
3892,9477,10752
3893,9477,36
3894,9477,28
3895,582014,53
3896,582014,80
3897,582014,18
3898,399019,18
3899,9772,28
3900,9772,53
3901,337170,28
3902,337170,80
3903,337170,35
3904,6171,18
3905,6171,27
3906,6171,878
3907,6171,53
3908,60935,27
3909,60935,878
3910,60935,9648
3911,60935,53
3912,602508,27
3913,602508,9648
3914,291549,28
3915,291549,18
3916,9339,35
3917,9339,18
3918,9339,14
3919,391713,18
3920,391713,35
3921,388399,28
3922,388399,80
3923,388399,18
3924,388399,36
3925,388399,53
3926,345911,27
3927,345911,53
3928,345911,9648
3929,36955,28
3930,36955,53
3931,514999,35
3932,264660,18
3933,264660,878
3934,283445,27
3935,315064,35
3936,315064,16
3937,315064,12
3938,395834,80
3939,395834,18
3940,395834,9648
3941,395834,53
3942,332567,27
3943,332567,18
3944,332567,53
3945,238215,14
3946,238215,35
3947,238215,18
3948,571648,9648
3949,571648,53
3950,571648,80
3951,571648,35
3952,571648,18
3953,8247,28
3954,8247,12
3955,8247,878
3956,955,12
3957,955,28
3958,955,53
3959,546121,53
3960,546121,27
3961,546121,18
3962,157433,27
3963,157433,53
3964,2501,28
3965,2501,18
3966,2501,9648
3967,2501,53
3968,594,35
3969,594,18
3970,36593,35
3971,36593,80
3972,722913,18
3973,722913,10749
3974,15137,16
3975,15137,878
3976,15137,28
3977,15137,18
3978,240341,28
3979,240341,16
3980,240341,878
3981,536841,99
3982,500,80
3983,500,53
3984,120467,35
3985,120467,18
3986,552687,35
3987,552687,10749
3988,9387,12
3989,9387,14
3990,9387,28
3991,454294,28
3992,454294,12
3993,454294,14
3994,454294,10751
3995,426543,14
3996,426543,12
3997,426543,10751
3998,1487,14
3999,1487,28
4000,758866,18
4001,51739,14
4002,51739,16
4003,51739,10751
4004,699102,18
4005,699102,10751
4006,699102,10402
4007,699102,10749
4008,18405,80
4009,18405,53
4010,18405,27
4011,18405,18
4012,328387,9648
4013,328387,12
4014,328387,80
4015,504172,80
4016,504172,18
4017,504172,53
4018,293768,18
4019,293768,53
4020,345920,18
4021,345920,10749
4022,408360,18
4023,408360,36
4024,338729,14
4025,338729,10749
4026,201085,27
4027,201085,53
4028,201085,10749
4029,201085,9648
4030,535544,18
4031,535544,10749
4032,535544,36
4033,11451,35
4034,11451,10751
4035,11451,12
4036,11451,14
4037,11451,10749
4038,1992,27
4039,1992,28
4040,1992,53
4041,277355,53
4042,277355,28
4043,4970,27
4044,4970,53
4045,316023,35
4046,457335,35
4047,457335,28
4048,170687,16
4049,170687,35
4050,170687,10751
4051,170687,14
4052,7220,28
4053,7220,80
4054,7220,18
4055,9481,18
4056,9481,9648
4057,9481,53
4058,9481,80
4059,766,14
4060,766,27
4061,766,35
4062,535292,80
4063,535292,28
4064,535292,18
4065,400650,14
4066,400650,10751
4067,400650,35
4068,9383,28
4069,9383,878
4070,9383,53
4071,5503,18
4072,5503,28
4073,5503,53
4074,777270,18
4075,628,27
4076,628,18
4077,628,14
4078,39538,18
4079,39538,53
4080,39538,878
4081,512196,35
4082,512196,27
4083,512196,878
4084,9268,28
4085,9268,18
4086,9268,9648
4087,9268,53
4088,44115,12
4089,44115,18
4090,44115,53
4091,39057,10751
4092,39057,16
4093,39057,12
4094,39057,14
4095,38356,28
4096,38356,878
4097,38356,12
4098,9714,35
4099,9714,10751
4100,187596,35
4101,587727,10749
4102,388,80
4103,388,18
4104,388,53
4105,9804,12
4106,9804,28
4107,9804,878
4108,49047,878
4109,49047,53
4110,49047,18
4111,9392,12
4112,9392,27
4113,347375,28
4114,347375,53
4115,540901,18
4116,540901,35
4117,540901,80
4118,336882,53
4119,633604,27
4120,633604,35
4121,633604,28
4122,345,18
4123,345,53
4124,345,9648
4125,9669,27
4126,9669,9648
4127,9669,878
4128,318846,35
4129,318846,18
4130,413644,10751
4131,413644,16
4132,413644,35
4133,8077,878
4134,8077,28
4135,8077,27
4136,489999,53
4137,489999,9648
4138,489999,18
4139,581734,18
4140,197796,14
4141,197796,10749
4142,711963,53
4143,711963,27
4144,363676,18
4145,363676,36
4146,235260,18
4147,116745,12
4148,116745,35
4149,116745,18
4150,116745,14
4151,441282,18
4152,441282,53
4153,556678,35
4154,556678,10749
4155,853,18
4156,853,10752
4157,853,36
4158,600354,18
4159,379170,80
4160,379170,18
4161,379170,9648
4162,379170,10770
4163,438857,18
4164,438857,35
4165,81,12
4166,81,16
4167,81,14
4168,240483,878
4169,240483,12
4170,240483,28
4171,38745,10751
4172,38745,35
4173,38745,12
4174,38745,14
4175,562,28
4176,562,53
4177,390051,18
4178,390051,53
4179,82990,27
4180,942,28
4181,942,12
4182,942,35
4183,942,80
4184,942,53
4185,144336,28
4186,144336,18
4187,144336,53
4188,144336,80
4189,11808,53
4190,11808,80
4191,11808,28
4192,37136,35
4193,37136,80
4194,407887,36
4195,407887,18
4196,407887,10752
4197,407887,28
4198,583689,35
4199,583689,18
4200,583689,10402
4201,1391,18
4202,1391,10749
4203,79707,16
4204,79707,12
4205,79707,18
4206,79707,14
4207,7214,18
4208,7214,36
4209,87516,18
4210,87516,53
4211,87516,9648
4212,87516,28
4213,77,9648
4214,77,53
4215,407436,12
4216,407436,18
4217,9802,28
4218,9802,12
4219,9802,53
4220,9257,28
4221,9257,53
4222,9257,80
4223,187,53
4224,187,28
4225,187,80
4226,87502,18
4227,11565,35
4228,11565,80
4229,96721,18
4230,96721,28
4231,203801,35
4232,203801,28
4233,203801,12
4234,454,18
4235,454,10749
4236,13515,27
4237,13515,9648
4238,13515,53
4239,13515,18
4240,504949,18
4241,504949,36
4242,504949,10752
4243,75629,16
4244,75629,878
4245,75629,28
4246,75629,18
4247,225745,878
4248,225745,16
4249,225745,18
4250,11253,28
4251,11253,12
4252,11253,9648
4253,11253,14
4254,563,12
4255,563,28
4256,563,53
4257,563,878
4258,382591,18
4259,382591,35
4260,314,28
4261,314,14
4262,314,9648
4263,314,80
4264,27,18
4265,27,10402
4266,27,10749
4267,334521,28
4268,334521,80
4269,334521,9648
4270,6977,80
4271,6977,18
4272,6977,53
4273,602291,9648
4274,602291,53
4275,44826,12
4276,44826,18
4277,44826,10751
4278,1904,18
4279,1904,10749
4280,1904,36
4281,1624,35
4282,581,12
4283,581,18
4284,581,37
4285,161,53
4286,161,80
4287,283591,18
4288,283591,10749
4289,642208,10749
4290,642208,18
4291,34067,10751
4292,34067,12
4293,34067,16
4294,34067,14
4295,34067,28
4296,34067,878
4297,11679,28
4298,11679,12
4299,11679,80
4300,11679,9648
4301,11679,53
4302,266647,14
4303,266647,12
4304,266647,10751
4305,266647,28
4306,7549,18
4307,7549,28
4308,1977,9648
4309,1977,27
4310,1977,53
4311,2502,28
4312,2502,18
4313,2502,53
4314,65057,35
4315,65057,18
4316,59118,28
4317,59118,80
4318,59118,53
4319,404733,53
4320,404733,28
4321,404733,9648
4322,10315,12
4323,10315,16
4324,10315,35
4325,10315,10751
4326,1892,12
4327,1892,28
4328,1892,878
4329,515789,16
4330,515789,35
4331,515789,10751
4332,13804,28
4333,13804,80
4334,13804,18
4335,13804,53
4336,22705,35
4337,22705,18
4338,22705,10749
4339,390845,10749
4340,498248,12
4341,498248,10751
4342,498248,18
4343,112205,80
4344,112205,35
4345,112205,28
4346,27022,14
4347,27022,12
4348,27022,28
4349,194,35
4350,194,10749
4351,861,28
4352,861,12
4353,861,878
4354,68730,18
4355,68730,36
4356,9654,28
4357,9654,80
4358,365942,10749
4359,365942,12
4360,365942,878
4361,365942,18
4362,165,12
4363,165,35
4364,165,10751
4365,165,878
4366,684281,18
4367,684281,36
4368,755,27
4369,755,28
4370,755,53
4371,755,80
4372,25961,10751
4373,25961,12
4374,25961,16
4375,25961,14
4376,25961,28
4377,10601,12
4378,10601,14
4379,10601,10751
4380,513514,18
4381,601,878
4382,601,12
4383,601,10751
4384,601,14
4385,473033,18
4386,473033,53
4387,473033,80
4388,489430,27
4389,569016,28
4390,569016,80
4391,569016,53
4392,569016,9648
4393,103663,18
4394,582570,35
4395,359940,80
4396,359940,18
4397,265851,28
4398,265851,53
4399,579974,28
4400,579974,18
4401,579974,36
4402,579974,10752
4403,547404,18
4404,339259,10752
4405,339259,28
4406,339259,36
4407,339259,53
4408,502416,27
4409,502416,53
4410,941,12
4411,941,28
4412,941,35
4413,941,53
4414,941,80
4415,334,18
4416,277685,27
4417,277685,53
4418,277685,9648
4419,341013,28
4420,341013,53
4421,211954,35
4422,211954,18
4423,1669,28
4424,1669,12
4425,1669,53
4426,504608,10402
4427,504608,18
4428,504608,36
4429,163,53
4430,163,80
4431,309809,12
4432,309809,16
4433,309809,14
4434,309809,10751
4435,629,18
4436,629,80
4437,629,53
4438,663870,28
4439,663870,35
4440,663870,18
4441,533514,16
4442,533514,14
4443,533514,10749
4444,533514,18
4445,293863,10749
4446,293863,14
4447,293863,18
4448,283552,18
4449,283552,10749
4450,10718,28
4451,94329,28
4452,94329,53
4453,94329,80
4454,539537,27
4455,539537,14
4456,539537,12
4457,539537,9648
4458,499932,80
4459,499932,18
4460,499932,53
4461,13648,16
4462,13648,27
4463,13648,28
4464,13648,878
4465,194662,18
4466,194662,35
4467,36218,10751
4468,36218,28
4469,36218,16
4470,36218,12
4471,36218,14
4472,36218,878
4473,710,12
4474,710,28
4475,710,53
4476,11045,28
4477,11045,35
4478,11045,53
4479,11045,80
4480,2133,28
4481,2133,12
4482,2133,18
4483,2133,53
4484,1018,53
4485,1018,18
4486,1018,9648
4487,1635,28
4488,1635,53
4489,1635,878
4490,1635,12
4491,3594,53
4492,3594,18
4493,3594,9648
4494,478820,18
4495,478820,80
4496,478820,53
4497,449563,35
4498,449563,14
4499,449563,10749
4500,1278,18
4501,1278,10749
4502,335,18
4503,335,37
4504,227783,16
4505,227783,35
4506,227783,10751
4507,227783,12
4508,33,37
4509,270774,28
4510,270774,35
4511,270774,53
4512,270774,9648
4513,294272,12
4514,294272,10751
4515,294272,14
4516,50348,80
4517,50348,18
4518,50348,53
4519,575769,53
4520,547016,28
4521,547016,14
4522,1729,28
4523,1729,12
4524,1729,14
4525,82992,28
4526,82992,53
4527,82992,80
4528,698201,28
4529,698201,18
4530,527660,35
4531,527660,18
4532,597102,10749
4533,597102,18
4534,9476,12
4535,9476,18
4536,9476,10749
4537,9476,28
4538,152259,53
4539,205775,53
4540,205775,18
4541,205775,12
4542,205775,28
4543,205775,36
4544,49049,28
4545,49049,878
4546,152760,10752
4547,152760,18
4548,152760,36
4549,152760,28
4550,693,35
4551,693,10749
4552,455207,35
4553,455207,18
4554,455207,10749
4555,227679,28
4556,227679,12
4557,227679,16
4558,227679,10751
4559,9957,35
4560,199584,28
4561,199584,18
4562,199584,35
4563,408266,28
4564,408266,18
4565,383785,35
4566,383785,9648
4567,383785,28
4568,383785,12
4569,14,18
4570,36669,12
4571,36669,28
4572,36669,53
4573,747984,28
4574,747984,35
4575,64682,18
4576,64682,10749
4577,80278,53
4578,80278,18
4579,369552,16
4580,369552,14
4581,369552,18
4582,369552,878
4583,456929,18
4584,456929,35
4585,535167,878
4586,535167,28
4587,535167,18
4588,458305,878
4589,458305,27
4590,458305,9648
4591,326,28
4592,326,80
4593,326,53
4594,326,27
4595,474764,18
4596,474764,27
4597,474764,53
4598,927,14
4599,927,27
4600,927,35
4601,2288,18
4602,524,80
4603,524,18
4604,7459,10751
4605,7459,28
4606,7459,12
4607,7459,35
4608,333545,878
4609,333545,28
4610,335462,28
4611,335462,10752
4612,440472,35
4613,440472,18
4614,485415,28
4615,485415,27
4616,70,18
4617,168672,18
4618,168672,80
4619,361292,27
4620,361292,53
4621,196,12
4622,196,35
4623,196,878
4624,115969,12
4625,115969,16
4626,115969,18
4627,115969,36
4628,366445,18
4629,366445,9648
4630,70868,10749
4631,70868,35
4632,627,18
4633,627,80
4634,508965,16
4635,508965,10751
4636,508965,12
4637,508965,35
4638,397837,18
4639,397837,9648
4640,397837,53
4641,397837,14
4642,8909,28
4643,8909,53
4644,8909,80
4645,7551,28
4646,7551,53
4647,7551,878
4648,107,80
4649,107,35
4650,453,18
4651,453,10749
4652,519465,18
4653,623034,27
4654,623034,53
4655,623034,9648
4656,656690,99
4657,656690,18
4658,9472,35
4659,401898,18
4660,401898,9648
4661,401898,53
4662,157353,53
4663,157353,878
4664,157353,18
4665,157353,9648
4666,881,18
4667,483202,27
4668,9767,10749
4669,9767,35
4670,264644,18
4671,264644,53
4672,463116,16
4673,463116,35
4674,463116,12
4675,463116,10751
4676,532671,27
4677,532671,53
4678,435601,80
4679,435601,53
4680,435601,28
4681,400157,35
4682,400157,16
4683,400157,12
4684,400157,10751
4685,400157,14
4686,203833,18
4687,266856,18
4688,266856,10749
4689,785976,99
4690,467909,18
4691,467909,10402
4692,467909,10749
4693,9798,28
4694,9798,18
4695,9798,53
4696,567646,28
4697,567646,35
4698,567646,80
4699,415842,28
4700,415842,53
4701,265195,18
4702,265195,53
4703,265195,35
4704,9593,12
4705,9593,14
4706,9593,28
4707,9593,35
4708,9593,10751
4709,2085,28
4710,2085,80
4711,2085,53
4712,9350,28
4713,9350,12
4714,9350,53
4715,381283,18
4716,381283,27
4717,381283,9648
4718,6947,18
4719,6947,9648
4720,6947,53
4721,467956,35
4722,467956,18
4723,9064,27
4724,532865,18
4725,532865,36
4726,2486,14
4727,2486,28
4728,2486,12
4729,2486,10751
4730,944,28
4731,944,12
4732,944,35
4733,944,80
4734,944,53
4735,239563,35
4736,95608,18
4737,11178,18
4738,11178,35
4739,11178,10749
4740,242224,18
4741,242224,27
4742,11090,35
4743,770,18
4744,770,10752
4745,770,10749
4746,572609,27
4747,572609,28
4748,587,12
4749,587,14
4750,587,18
4751,9030,18
4752,9030,27
4753,9030,53
4754,339967,18
4755,339967,14
4756,339967,878
4757,76025,18
4758,14435,9648
4759,14435,27
4760,508,35
4761,508,10749
4762,508,18
4763,530254,28
4764,530254,9648
4765,530254,14
4766,670981,18
4767,29275,18
4768,301337,35
4769,301337,18
4770,301337,878
4771,582913,27
4772,582913,18
4773,582913,9648
4774,582913,878
4775,188207,28
4776,188207,12
4777,389015,18
4778,449132,18
4779,449132,10749
4780,396263,878
4781,396263,28
4782,396263,16
4783,481871,10749
4784,481871,18
4785,9907,16
4786,9907,35
4787,9907,10751
4788,2567,18
4789,369972,36
4790,369972,18
4791,488623,53
4792,488623,9648
4793,488623,18
4794,488623,27
4795,488623,80
4796,505600,35
4797,146198,28
4798,146198,53
4799,146198,9648
4800,461130,878
4801,461130,28
4802,461130,80
4803,461130,53
4804,461130,18
4805,16318,35
4806,16318,18
4807,11618,27
4808,11618,53
4809,11618,14
4810,11618,9648
4811,275,80
4812,275,18
4813,275,53
4814,560527,14
4815,560527,35
4816,266294,35
4817,204553,80
4818,204553,28
4819,204553,53
4820,634,35
4821,634,10749
4822,634,18
4823,630392,27
4824,630392,14
4825,630392,9648
4826,337674,18
4827,337674,53
4828,453133,18
4829,175574,16
4830,175574,35
4831,175574,10751
4832,11423,80
4833,11423,18
4834,11423,53
4835,369885,28
4836,369885,18
4837,369885,10752
4838,369885,10749
4839,369885,53
4840,50087,10751
4841,50087,16
4842,50087,12
4843,50087,14
4844,487616,18
4845,487616,36
4846,9606,16
4847,9606,878
4848,100241,27
4849,100241,53
4850,340676,18
4851,340676,9648
4852,340676,53
4853,328111,12
4854,328111,35
4855,328111,16
4856,328111,10751
4857,436391,28
4858,436391,36
4859,436391,18
4860,575094,12
4861,575094,14
4862,575094,9648
4863,152584,10749
4864,152584,18
4865,150117,35
4866,150117,10749
4867,500682,80
4868,500682,18
4869,500682,53
4870,979,18
4871,979,53
4872,979,80
4873,979,9648
4874,172226,18
4875,172226,53
4876,172226,80
4877,1639,28
4878,1639,12
4879,1639,53
4880,2270,12
4881,2270,14
4882,2270,10749
4883,2270,10751
4884,527261,27
4885,527261,18
4886,527261,53
4887,527261,14
4888,3021,27
4889,649394,36
4890,649394,18
4891,505914,878
4892,505914,18
4893,505914,10749
4894,32985,12
4895,32985,14
4896,32985,28
4897,254320,35
4898,254320,18
4899,254320,10749
4900,273248,18
4901,273248,9648
4902,273248,37
4903,259695,80
4904,259695,18
4905,259695,53
4906,413052,80
4907,413052,18
4908,413052,53
4909,2044,10749
4910,2044,18
4911,2044,9648
4912,8914,28
4913,8914,27
4914,8914,878
4915,557968,28
4916,1597,35
4917,1597,10749
4918,64686,18
4919,64686,28
4920,64686,12
4921,64686,14
4922,567,53
4923,567,9648
4924,396371,80
4925,396371,18
4926,568,18
4927,568,36
4928,568,12
4929,9871,27
4930,856,14
4931,856,16
4932,856,35
4933,856,80
4934,856,10751
4935,446807,28
4936,446807,80
4937,446807,53
4938,446807,18
4939,10637,18
4940,11838,27
4941,824,18
4942,824,10749
4943,824,10402
4944,168098,27
4945,168098,878
4946,168098,53
4947,424632,18
4948,424632,10749
4949,425336,80
4950,425336,18
4951,160588,18
4952,14254,27
4953,115223,16
4954,115223,10751
4955,115223,12
4956,115223,18
4957,115223,14
4958,149509,18
4959,149509,14
4960,149509,53
4961,13223,18
4962,292040,53
4963,292040,28
4964,614911,878
4965,614911,18
4966,497582,9648
4967,497582,80
4968,497582,12
4969,726664,10751
4970,726664,16
4971,726664,35
4972,9473,16
4973,9473,35
4974,49022,35
4975,49022,18
4976,49022,10749
4977,537996,35
4978,537996,18
4979,537996,37
4980,644,18
4981,644,878
4982,644,12
4983,23049,35
4984,23049,10749
4985,9607,12
4986,9607,35
4987,9607,10751
4988,9607,878
4989,486131,28
4990,486131,80
4991,818,35
4992,818,80
4993,818,878
4994,59436,14
4995,59436,35
4996,59436,10749
4997,117,80
4998,117,18
4999,117,36
5000,117,53
5001,40211,18
5002,40211,10749
5003,88005,35
5004,88005,18
5005,88005,10749
5006,88005,878
5007,492188,18
5008,503,12
5009,503,28
5010,503,18
5011,503,53
5012,531428,18
5013,531428,10749
5014,4442,12
5015,4442,14
5016,4442,28
5017,4442,35
5018,4442,53
5019,596247,18
5020,596247,53
5021,398978,80
5022,398978,18
5023,398978,36
5024,338766,80
5025,338766,53
5026,338766,18
5027,387426,12
5028,387426,18
5029,387426,878
5030,387844,10749
5031,387844,18
5032,802443,53
5033,802443,18
5034,392681,18
5035,392681,53
5036,620725,35
5037,22971,18
5038,22971,10749
5039,22971,10752
5040,561974,16
5041,561974,12
5042,47292,10751
5043,47292,12
5044,47292,16
5045,47292,14
5046,795,10749
5047,795,18
5048,795,14
5049,322,53
5050,322,80
5051,322,18
5052,322,9648
5053,504056,28
5054,504056,18
5055,504056,35
5056,235,80
5057,235,18
5058,222461,27
5059,222461,9648
5060,222461,53
5061,460885,27
5062,460885,28
5063,460885,53
5064,460885,14
5065,550738,16
5066,550738,35
5067,550738,28
5068,550738,12
5069,550738,10751
5070,429300,53
5071,429300,10749
5072,429300,12
5073,228968,18
5074,228968,28
5075,228968,80
5076,228968,53
5077,228968,9648
5078,5879,18
5079,5879,10749
5080,923,27
5081,9313,12
5082,9313,28
5083,9313,18
5084,433498,18
5085,433498,36
5086,433498,80
5087,314405,10749
5088,314405,14
5089,314405,27
5090,11216,18
5091,11216,10749
5092,97370,53
5093,97370,878
5094,97370,18
5095,399057,18
5096,399057,53
5097,399057,9648
5098,602654,53
5099,97630,53
5100,97630,18
5101,97630,36
5102,239529,16
5103,239529,28
5104,239529,53
5105,399174,12
5106,399174,35
5107,399174,16
5108,11683,27
5109,11683,53
5110,11683,18
5111,57212,10752
5112,57212,18
5113,57212,28
5114,393519,18
5115,393519,27
5116,4347,18
5117,4347,10749
5118,635731,18
5119,635731,53
5120,83899,27
5121,83899,53
5122,83899,9648
5123,1428,28
5124,1428,18
5125,1428,9648
5126,376290,53
5127,376290,18
5128,115,35
5129,115,80
5130,480042,28
5131,480042,53
5132,480042,80
5133,398173,18
5134,398173,27
5135,398173,80
5136,398173,53
5137,943,12
5138,943,28
5139,943,35
5140,943,53
5141,943,80
5142,289,18
5143,289,10749
5144,642121,16
5145,642121,10749
5146,642121,18
5147,416234,27
5148,416234,53
5149,344120,28
5150,344120,18
5151,344120,53
5152,344120,9648
5153,355547,35
5154,355547,12
5155,355547,10751
5156,355547,14
5157,355547,16
5158,180,28
5159,180,53
5160,180,878
5161,180,9648
5162,416144,53
5163,416144,36
5164,416144,18
5165,416144,28
5166,523139,27
5167,523139,18
5168,523139,53
5169,5123,10751
5170,5123,18
5171,5123,10402
5172,730047,18
5173,730047,10749
5174,10110,18
5175,10110,36
5176,10110,10752
5177,5176,37
5178,8007,28
5179,8007,18
5180,8007,53
5181,8007,10752
5182,508664,10752
5183,508664,28
5184,508664,18
5185,508664,36
5186,2666,9648
5187,2666,878
5188,938,37
5189,462,18
5190,503616,10749
5191,503616,35
5192,501979,35
5193,501979,878
5194,501979,12
5195,1807,80
5196,1807,18
5197,531306,878
5198,531306,12
5199,531306,28
5200,531306,35
5201,133931,35
5202,133931,16
5203,133931,12
5204,133931,10751
5205,17609,18
5206,17609,27
5207,17609,53
5208,347031,35
5209,347031,18
5210,347031,10749
5211,347031,14
5212,347031,12
5213,9619,28
5214,9619,12
5215,9619,53
5216,9619,18
5217,256474,28
5218,256474,80
5219,256474,53
5220,7552,35
5221,622,9648
5222,622,53
5223,325789,80
5224,325789,18
5225,325789,53
5226,3580,80
5227,3580,18
5228,3580,9648
5229,846,9648
5230,846,878
5231,846,53
5232,95610,35
5233,95610,10749
5234,289222,18
5235,289222,36
5236,399404,18
5237,399404,36
5238,631322,27
5239,631322,18
5240,631322,53
5241,380111,28
5242,793998,18
5243,4291,35
5244,4291,18
5245,4291,10751
5246,509,10749
5247,509,35
5248,509,18
5249,10727,53
5250,10727,27
5251,40713,10749
5252,40713,18
5253,1966,10752
5254,1966,36
5255,1966,28
5256,1966,12
5257,1966,18
5258,1966,10749
5259,2277,878
5260,2277,35
5261,2277,18
5262,10647,18
5263,664,28
5264,664,12
5265,664,18
5266,19918,35
5267,19918,10749
5268,46261,14
5269,46261,27
5270,46261,53
5271,300681,878
5272,300681,53
5273,300681,18
5274,432985,28
5275,432985,12
5276,432985,35
5277,432985,878
5278,53932,18
5279,843,18
5280,843,10749
5281,400617,18
5282,400617,10749
5283,296098,53
5284,296098,18
5285,1991,28
5286,1991,53
5287,451925,878
5288,451925,35
5289,451925,10749
5290,3597,27
5291,3597,53
5292,3597,9648
5293,2899,10751
5294,2899,14
5295,2899,35
5296,2899,12
5297,8470,18
5298,8470,53
5299,8470,80
5300,9946,28
5301,9946,14
5302,9946,27
5303,9946,9648
5304,520172,10749
5305,520172,35
5306,515195,10402
5307,515195,35
5308,515195,10749
5309,515195,14
5310,531876,10752
5311,531876,18
5312,531876,36
5313,531876,28
5314,3131,18
5315,3131,36
5316,3131,80
5317,452251,10749
5318,452251,18
5319,13497,18
5320,13497,10749
5321,13497,35
5322,13497,10402
5323,398181,53
5324,398181,18
5325,398181,80
5326,372049,10749
5327,11774,12
5328,11774,35
5329,11774,10751
5330,3600,27
5331,3600,9648
5332,3600,53
5333,227306,18
5334,227306,10752
5335,146223,9648
5336,146223,18
5337,146223,80
5338,146223,53
5339,18377,18
5340,18377,35
5341,18377,10749
5342,579188,10749
5343,579188,35
5344,653567,99
5345,653567,10402
5346,5528,18
5347,581530,18
5348,581530,28
5349,218746,35
5350,218746,10749
5351,293670,27
5352,293670,9648
5353,433128,28
5354,433128,27
5355,433128,9648
5356,425505,878
5357,425505,28
5358,1089,28
5359,1089,53
5360,1089,80
5361,188161,35
5362,188161,37
5363,16617,9648
5364,16617,53
5365,16617,80
5366,9610,12
5367,9610,14
5368,9610,28
5369,50456,28
5370,50456,53
5371,50456,12
5372,71859,18
5373,71859,53
5374,12162,18
5375,12162,53
5376,12162,10752
5377,12149,18
5378,12149,53
5379,12149,80
5380,306819,18
5381,384737,28
5382,384737,80
5383,384737,53
5384,429200,53
5385,429200,80
5386,429200,18
5387,581032,18
5388,581032,37
5389,581032,12
5390,452557,10752
5391,452557,28
5392,452557,18
5393,1266,28
5394,1266,80
5395,1266,18
5396,1266,53
5397,3176,18
5398,3176,53
5399,3176,28
5400,457799,80
5401,290250,35
5402,290250,80
5403,290250,28
5404,9693,18
5405,9693,28
5406,9693,53
5407,9693,878
5408,10068,18
5409,10068,10749
5410,17809,28
5411,544,10749
5412,544,35
5413,106747,28
5414,106747,80
5415,106747,53
5416,8393,28
5417,8393,35
5418,169219,53
5419,169219,9648
5420,90,28
5421,90,35
5422,90,80
5423,138697,10749
5424,138697,35
5425,138697,18
5426,11906,27
5427,212168,28
5428,212168,16
5429,212168,878
5430,212168,53
5431,40171,12
5432,40171,28
5433,40171,35
5434,40171,14
5435,65754,53
5436,65754,80
5437,65754,9648
5438,437033,35
5439,607844,10752
5440,607844,18
5441,607844,28
5442,301365,53
5443,301365,18
5444,301365,27
5445,334533,12
5446,334533,18
5447,517814,18
5448,435366,28
5449,435366,53
5450,435366,80
5451,384680,37
5452,384680,18
5453,384680,36
5454,9341,28
5455,9341,53
5456,9341,12
5457,9341,878
5458,9825,27
5459,9825,35
5460,9825,28
5461,9825,878
5462,9825,53
5463,317744,18
5464,317744,53
5465,96724,18
5466,96724,10749
5467,1538,18
5468,1538,80
5469,1538,53
5470,500852,28
5471,9778,35
5472,9778,10749
5473,9778,18
5474,257785,18
5475,257785,10749
5476,51052,18
5477,51052,16
5478,51052,10751
5479,51052,35
5480,351145,53
5481,351145,18
5482,2655,18
5483,2655,27
5484,2655,9648
5485,2655,53
5486,8413,27
5487,8413,878
5488,8413,9648
5489,872,35
5490,872,10402
5491,872,10749
5492,526051,27
5493,526051,53
5494,526051,14
5495,426613,18
5496,46738,18
5497,46738,10752
5498,46738,9648
5499,77016,80
5500,77016,18
5501,77016,53
5502,11299,28
5503,11299,16
5504,11299,878
5505,221732,28
5506,221732,12
5507,221732,18
5508,221732,14
5509,560238,10749
5510,10494,16
5511,10494,53
5512,410117,18
5513,334541,18
5514,454227,28
5515,454227,36
5516,454227,18
5517,454227,10752
5518,504,80
5519,504,18
5520,521,80
5521,521,53
5522,12096,35
5523,12096,10751
5524,12096,9648
5525,12096,80
5526,12096,12
5527,12096,28
5528,88557,16
5529,88557,10751
5530,88557,12
5531,88557,18
5532,88557,14
5533,475220,27
5534,475220,14
5535,475220,35
5536,467824,878
5537,467824,28
5538,467824,53
5539,467824,18
5540,261392,35
5541,261392,28
5542,1858,12
5543,1858,878
5544,1858,28
5545,255709,18
5546,227156,18
5547,227156,878
5548,9884,28
5549,9884,53
5550,9884,18
5551,80518,12
5552,80518,14
5553,80518,16
5554,80518,28
5555,80518,878
5556,628914,35
5557,628914,80
5558,429422,80
5559,429422,18
5560,10220,18
5561,10220,80
5562,16632,35
5563,16632,10749
5564,529216,878
5565,529216,53
5566,529216,18
5567,529216,10749
5568,529216,9648
5569,914,35
5570,914,10752
5571,686,18
5572,686,878
5573,686,9648
5574,8051,35
5575,8051,18
5576,8051,10749
5577,537739,10749
5578,537739,35
5579,38167,18
5580,38167,10749
5581,137093,35
5582,583406,18
5583,583406,36
5584,568467,10749
5585,568467,18
5586,291276,28
5587,291276,53
5588,7326,35
5589,7326,18
5590,7326,10749
5591,523849,878
5592,523849,28
5593,523849,12
5594,523849,35
5595,523849,10770
5596,612152,18
5597,612152,53
5598,202575,10751
5599,202575,14
5600,202575,16
5601,202575,12
5602,71,18
5603,71,35
5604,71,10402
5605,366654,18
5606,366654,10749
5607,366654,14
5608,4379,10749
5609,4379,35
5610,782,53
5611,782,878
5612,782,9648
5613,782,10749
5614,9801,35
5615,9801,10749
5616,9522,35
5617,9522,10749
5618,520318,18
5619,419704,878
5620,419704,18
5621,487083,14
5622,487083,878
5623,487083,53
5624,14174,18
5625,493006,16
5626,493006,80
5627,493006,9648
5628,493006,28
5629,493006,18
5630,420814,12
5631,420814,35
5632,420814,10751
5633,420814,14
5634,15898,10751
5635,15898,16
5636,15898,35
5637,16620,18
5638,16620,10402
5639,92499,27
5640,92499,10749
5641,92499,35
5642,793,18
5643,793,80
5644,793,9648
5645,793,53
5646,9315,53
5647,9315,18
5648,9315,9648
5649,873,18
5650,347866,18
5651,347866,35
5652,347866,80
5653,338189,18
5654,339877,16
5655,339877,18
5656,339877,9648
5657,339877,36
5658,451915,18
5659,18501,28
5660,18501,53
5661,18501,878
5662,429471,878
5663,502406,27
5664,502406,53
5665,907,18
5666,907,10749
5667,907,10752
5668,83666,35
5669,83666,18
5670,83666,10749
5671,152532,18
5672,152532,36
5673,509730,10751
5674,509730,16
5675,9666,27
5676,9666,53
5677,476926,878
5678,476926,53
5679,4588,28
5680,4588,18
5681,4588,10749
5682,4588,53
5683,8814,28
5684,8814,27
5685,8814,878
5686,300823,18
5687,300823,10749
5688,79,18
5689,79,12
5690,79,28
5691,79,36
5692,606625,27
5693,606625,53
5694,884,18
5695,884,53
5696,598896,18
